"CRUISEID","YR","SOURCE","VESSEL","CRUISE_NO","STARTCRU","ENDCRU","TITLE","NOTE","INGEST_SOURCE","INGEST_PROGRAM_VER"
"1","1982","US","04","125","24/2/1982","31/3/1982","Spring Groundfish Survey","0",,
"2","1982","US","04","126","15/4/1982","25/5/1982","Spring SEAMAP Plankton Survey","0",,
"3","1982","FL","09","821","16/5/1982","16/5/1982","Spring SEAMAP Plankton Survey","0",,
"4","1982","LA","25","821","1/6/1982","13/7/1982","Spring SEAMAP Plankton Survey","0",,
"5","1982","US","04","127","1/6/1982","14/7/1982","Summer SEAMAP Groundfish Survey","0",,
"6","1982","MS","17","821","6/6/1982","10/6/1982","Summer SEAMAP Groundfish Survey","0",,
"7","1982","AL","23","821","8/6/1982","3/6/1982","Summer SEAMAP Groundfish Survey","0",,
"8","1982","FL","09","822","8/6/1982","13/6/1982","Spring SEAMAP Plankton Survey","0",,
"9","1982","US","20","823","16/6/1982","6/7/1982","Summer Groundfish Survey","0",,
"10","1982","FL","09","823","20/6/1982","22/6/1982","Spring SEAMAP Plankton Survey","0",,
"11","1982","TX","16","823","23/6/1982","26/6/1982","Summer SEAMAP Groundfish Survey","0",,
"12","1982","TX","16","824","30/6/1982","1/7/1982","Summer SEAMAP Groundfish Survey","0",,
"13","1982","TX","24","825","9/7/1982","13/7/1982","Summer SEAMAP Groundfish Survey","0",,
"14","1983","US","04","133","8/3/1983","13/4/1983","Spring Groundfish Survey","0",,
"15","1983","US","04","134","22/4/1983","23/5/1983","Spring SEAMAP Plankton Survey","0",,
"16","1983","US","04","135","1/6/1983","16/6/1983","Summer SEAMAP Groundfish Survey","0",,
"17","1983","MS","17","831","7/6/1983","14/6/1983","Summer SEAMAP Groundfish Survey","0",,
"18","1983","AL","23","831","9/6/1983","2/7/1983","Summer SEAMAP Groundfish Survey","0",,
"19","1983","LA","25","831","13/6/1983","16/6/1983","Summer SEAMAP Groundfish Survey","0",,
"20","1983","FL","26","831","15/6/1983","5/7/1983","Spring SEAMAP Plankton Survey","0",,
"21","1983","TX","16","831","21/6/1983","22/6/1983","Summer SEAMAP Groundfish Survey","0",,
"22","1983","LA","25","832","21/6/1983","23/6/1983","Summer SEAMAP Groundfish Survey","0",,
"23","1983","FL","09","831","26/6/1983","29/6/1983","Spring SEAMAP Plankton Survey","0",,
"24","1983","TX","16","832","29/6/1983","1/7/1983","Summer SEAMAP Groundfish Survey","0",,
"25","1983","LA","25","833","5/7/1983","5/7/1983","Spring SEAMAP Plankton Survey","0",,
"26","1983","TX","16","833","6/7/1983","11/7/1983","Summer SEAMAP Groundfish Survey","0",,
"27","1983","FL","09","832","12/7/1983","14/7/1983","Fall SEAMAP Plankton Survey","0",,
"28","1983","US","04","138","12/10/1983","14/11/1983","Fall Groundfish Survey","0",,
"29","1983","LA","25","834","17/10/1983","17/11/1983","Fall SEAMAP Plankton Survey","0",,
"30","1983","MS","17","832","18/10/1983","18/10/1983","Fall SEAMAP Plankton Survey","0",,
"31","1983","US","04","140","8/12/1983","21/12/1983","Winter SEAMAP Plankton Survey","0",,
"32","1984","US","04","142","8/3/1984","11/4/1984","Spring Groundfish/Plankton Survey","0",,
"33","1984","US","04","143","21/4/1984","22/5/1984","Spring SEAMAP Plankton Survey","0",,
"34","1984","LA","25","841","5/6/1984","20/6/1984","Summer SEAMAP Groundfish Survey","0",,
"35","1984","US","04","145","6/6/1984","6/6/1984","Summer SEAMAP Groundfish Survey","0",,
"36","1984","AL","23","841","6/6/1984","25/7/1984","Summer SEAMAP Groundfish Survey","0",,
"37","1984","MS","17","841","8/6/1984","27/7/1984","Summer SEAMAP Groundfish Survey","0",,
"38","1984","LA","25","842","9/7/1984","24/7/1984","Summer SEAMAP Groundfish Survey","0",,
"39","1984","US","04","146","2/8/1984","27/8/1984","Fall SEAMAP Plankton Survey","0",,
"40","1984","LA","25","843","14/8/1984","24/10/1984","Fall SEAMAP Plankton Survey","0",,
"41","1984","FL","30","841","25/8/1984","29/8/1984","Fall SEAMAP Plankton Survey","0",,
"42","1984","US","04","148","9/10/1984","14/11/1984","Fall Groundfish Survey","0",,
"43","1984","LA","25","844","31/10/1984","28/11/1984","Fall SEAMAP Plankton Survey","0",,
"44","1984","MS","17","842","7/11/1984","8/11/1984","Winter SEAMAP Plankton Survey","0",,
"45","1984","US","04","149","1/12/1984","17/12/1984","Winter SEAMAP Plankton Survey","0",,
"46","1985","US","04","151","5/3/1985","28/3/1985","Spring Groundfish Survey","0",,
"47","1985","FL","30","851","5/6/1985","14/6/1985","Spring SEAMAP Plankton Survey","0",,
"48","1985","US","04","153","10/6/1985","10/6/1985","Summer SEAMAP Groundfish Survey","0",,
"49","1985","LA","25","851","10/6/1985","26/6/1985","Summer SEAMAP Groundfish Survey","0",,
"50","1985","AL","23","851","10/6/1985","15/7/1985","Summer SEAMAP Groundfish Survey","0",,
"51","1985","MS","17","851","10/6/1985","12/6/1985","Summer SEAMAP Groundfish Survey","0",,
"52","1985","TX","32","851","15/6/1985","26/6/1985","Summer SEAMAP Groundfish Survey","0",,
"53","1985","LA","35","852","18/6/1985","21/6/1985","Summer SEAMAP Groundfish Survey","0",,
"54","1985","TX","31","851","26/6/1985","29/6/1985","Summer SEAMAP Groundfish Survey","0",,
"55","1985","TX","33","851","29/6/1985","1/7/1985","Summer SEAMAP Groundfish Survey","0",,
"56","1985","LA","35","853","22/7/1985","25/7/1985","Summer SEAMAP Groundfish Survey","0",,
"57","1985","US","04","154","30/7/1985","26/8/1985","SEAMAP Butterfish Survey","0",,
"58","1985","MS","17","852","2/8/1985","13/8/1985","SEAMAP Butterfish Survey","0",,
"59","1985","MS","17","854","22/8/1985","24/8/1985","Summer SEAMAP Groundfish Survey","0",,
"60","1985","LA","35","854","16/9/1985","4/10/1985","Fall Groundfish Survey","0",,
"61","1985","US","04","156","15/10/1985","15/10/1985","Fall Groundfish Survey","0",,
"62","1985","AL","23","852","15/10/1985","15/10/1985","Fall Groundfish Survey","0",,
"63","1985","LA","25","855","5/11/1985","7/11/1985","Winter SEAMAP Plankton Survey","0",,
"64","1985","MS","17","853","12/11/1985","14/11/1985","Fall Groundfish Survey","0",,
"65","1985","TX","34","852","16/11/1985","17/11/1985","Fall Groundfish Survey","0",,
"66","1985","TX","32","852","18/11/1985","19/11/1985","Fall Groundfish Survey","0",,
"67","1985","TX","31","852","21/11/1985","21/11/1985","Fall Groundfish Survey","0",,
"68","1985","TX","33","852","22/11/1985","22/11/1985","Fall Groundfish Survey","0",,
"69","1985","LA","35","856","3/12/1985","13/12/1985","Winter SEAMAP Trawl Survey","0",,
"70","1986","US","04","159","22/4/1986","22/5/1986","Spring SEAMAP Plankton Survey","0",,
"71","1986","FL","54","861","4/5/1986","6/5/1986","Spring SEAMAP Plankton Survey","0",,
"72","1986","LA","35","861","5/5/1986","8/5/1986","Spring SEAMAP Trawl Survey","0",,
"73","1986","MS","17","861","13/5/1986","30/5/1986","SEAMAP Butterfish Survey","0",,
"74","1986","MS","17","862","10/6/1986","12/6/1986","Summer SEAMAP Groundfish Survey","0",,
"75","1986","AL","23","861","10/6/1986","17/7/1986","Summer SEAMAP Groundfish Survey","0",,
"76","1986","US","04","160","10/6/1986","18/7/1986","Summer SEAMAP Groundfish Survey","0",,
"77","1986","LA","25","862","11/6/1986","19/6/1986","Summer SEAMAP Groundfish Survey","0",,
"78","1986","LA","35","863","16/6/1986","19/6/1986","Summer SEAMAP Groundfish Survey","0",,
"79","1986","TX","33","861","22/6/1986","23/6/1986","Summer SEAMAP Groundfish Survey","0",,
"80","1986","TX","31","861","23/6/1986","24/6/1986","Summer SEAMAP Groundfish Survey","0",,
"81","1986","TX","34","861","23/6/1986","25/6/1986","Summer SEAMAP Groundfish Survey","0",,
"82","1986","TX","32","861","23/6/1986","24/6/1986","Summer SEAMAP Groundfish Survey","0",,
"83","1986","MS","17","863","15/7/1986","18/7/1986","Summer SEAMAP Groundfish Survey","0",,
"84","1986","US","04","161","3/9/1986","26/9/1986","Fall SEAMAP Plankton Survey","0",,
"85","1986","FL","36","862","6/9/1986","13/9/1986","Fall SEAMAP Plankton Survey","0",,
"86","1986","MS","17","864","8/9/1986","10/9/1986","Fall SEAMAP Plankton Survey","0",,
"87","1986","US","28","865","13/9/1986","22/9/1986","Fall SEAMAP Plankton Survey","0",,
"88","1986","AL","23","862","22/9/1986","18/9/1986","Fall SEAMAP Plankton Survey","0",,
"89","1986","US","04","163","23/10/1986","23/11/1986","Fall SEAMAP Groundfish Survey","0",,
"90","1986","LA","35","864","27/10/1986","30/10/1986","Fall SEAMAP Groundfish Survey","0",,
"91","1986","AL","23","863","28/10/1986","28/10/1986","Fall SEAMAP Groundfish Survey","0",,
"92","1986","MS","17","865","29/10/1986","31/10/1986","Fall SEAMAP Groundfish Survey","0",,
"93","1986","LA","25","865","5/11/1986","6/11/1986","Fall SEAMAP Groundfish Survey","0",,
"94","1986","FL","36","864","15/11/1986","21/11/1986","Winter SEAMAP Plankton Survey","0",,
"95","1986","TX","33","862","17/11/1986","17/11/1986","Fall SEAMAP Groundfish Survey","0",,
"96","1986","TX","32","862","17/11/1986","17/11/1986","Fall SEAMAP Groundfish Survey","0",,
"97","1986","TX","31","862","17/11/1986","17/11/1986","Fall SEAMAP Groundfish Survey","0",,
"98","1986","TX","34","862","18/11/1986","20/11/1986","Fall SEAMAP Groundfish Survey","0",,
"99","1986","LA","35","866","1/12/1986","4/12/1986","Winter SEAMAP Trawl Survey","0",,
"100","1987","MS","17","871","9/4/1987","18/4/1987","SEAMAP Butterfish Survey","0",,
"101","1987","LA","35","871","14/4/1987","20/5/1987","Spring SEAMAP Trawl Survey","0",,
"102","1987","US","04","166","15/4/1987","22/5/1987","Spring SEAMAP Plankton Survey","0",,
"103","1987","FL","36","873","1/5/1987","9/5/1987","Spring SEAMAP Plankton Survey","0",,
"104","1987","TX","31","871","2/6/1987","16/6/1987","Summer SEAMAP Groundfish Survey","0",,
"105","1987","TX","32","871","2/6/1987","16/6/1987","Summer SEAMAP Groundfish Survey","0",,
"106","1987","TX","40","871","3/6/1987","16/6/1987","Summer SEAMAP Groundfish Survey","0",,
"107","1987","TX","33","871","6/6/1987","17/6/1987","Summer SEAMAP Groundfish Survey","0",,
"108","1987","TX","34","871","11/6/1987","16/6/1987","Summer SEAMAP Groundfish Survey","0",,
"109","1987","US","04","167","11/6/1987","14/7/1987","Summer SEAMAP Groundfish Survey","0",,
"110","1987","MS","17","872","11/6/1987","12/6/1987","Summer SEAMAP Groundfish Survey","0",,
"111","1987","AL","23","871","12/6/1987","12/6/1987","Summer SEAMAP Groundfish Survey","0",,
"112","1987","LA","25","873","6/7/1987","9/7/1987","Summer SEAMAP Groundfish Survey","0",,
"113","1987","LA","35","872","7/7/1987","11/7/1987","Summer SEAMAP Groundfish Survey","0",,
"114","1987","AL","23","872","10/7/1987","15/7/1987","Summer SEAMAP Groundfish Survey","0",,
"115","1987","FL","36","875","1/9/1987","8/9/1987","Fall SEAMAP Plankton Survey","0",,
"116","1987","US","04","169","12/9/1987","27/9/1987","Fall SEAMAP Plankton Survey","0",,
"117","1987","MS","17","873","15/9/1987","18/9/1987","Fall SEAMAP Plankton Survey","0",,
"118","1987","AL","23","873","16/9/1987","16/9/1987","Fall SEAMAP Plankton Survey","0",,
"119","1987","LA","35","874","28/9/1987","1/10/1987","Fall SEAMAP Groundfish Survey","0",,
"120","1987","LA","35","876","20/10/1987","20/10/1987","Fall SEAMAP Groundfish Survey","0",,
"121","1987","US","04","171","23/10/1987","22/11/1987","Fall SEAMAP Groundfish Survey","0",,
"122","1987","MS","17","874","25/10/1987","26/10/1987","Fall SEAMAP Groundfish Survey","0",,
"123","1987","AL","23","874","26/10/1987","26/10/1987","Fall SEAMAP Groundfish Survey","0",,
"124","1987","AL","23","875","28/10/1987","2/11/1987","Fall SEAMAP Groundfish Survey","0",,
"125","1987","TX","40","872","1/11/1987","24/11/1987","Fall SEAMAP Groundfish Survey","0",,
"126","1987","TX","31","872","2/11/1987","18/11/1987","Fall SEAMAP Groundfish Survey","0",,
"127","1987","TX","34","872","3/11/1987","30/11/1987","Fall SEAMAP Groundfish Survey","0",,
"128","1987","TX","33","872","3/11/1987","30/11/1987","Fall SEAMAP Groundfish Survey","0",,
"129","1987","TX","32","872","3/11/1987","21/11/1987","Fall SEAMAP Groundfish Survey","0",,
"130","1987","LA","25","875","12/11/1987","13/11/1987","Fall SEAMAP Groundfish Survey","0",,
"131","1987","LA","35","877","30/11/1987","3/12/1987","Fall SEAMAP Groundfish Survey","0",,
"132","1988","LA","35","881","28/3/1988","31/3/1988","Spring SEAMAP Trawl Survey","0",,
"133","1988","US","04","173","20/4/1988","26/5/1988","Spring SEAMAP Plankton Survey","0",,
"134","1988","FL","36","881","2/5/1988","7/5/1988","Spring SEAMAP Plankton Survey","0",,
"135","1988","TX","31","881","2/6/1988","23/6/1988","Summer SEAMAP Groundfish Survey","0",,
"136","1988","TX","40","881","2/6/1988","16/6/1988","Summer SEAMAP Groundfish Survey","0",,
"137","1988","TX","34","881","3/6/1988","21/6/1988","Summer SEAMAP Groundfish Survey","0",,
"138","1988","TX","32","881","3/6/1988","22/6/1988","Summer SEAMAP Groundfish Survey","0",,
"139","1988","MS","17","881","11/6/1988","11/7/1988","Summer SEAMAP Groundfish Survey","0",,
"140","1988","US","04","174","13/6/1988","14/7/1988","Summer SEAMAP Groundfish Survey","0",,
"141","1988","TX","33","881","14/6/1988","23/6/1988","Summer SEAMAP Groundfish Survey","0",,
"142","1988","AL","23","881","16/6/1988","17/6/1988","Summer SEAMAP Groundfish Survey","0",,
"143","1988","LA","25","883","5/7/1988","14/7/1988","Summer SEAMAP Groundfish Survey","0",,
"144","1988","LA","35","882","11/7/1988","14/7/1988","Summer SEAMAP Groundfish Survey","0",,
"145","1988","AL","23","882","12/7/1988","12/7/1988","Summer SEAMAP Groundfish Survey","0",,
"146","1988","US","04","176","25/8/1988","28/9/1988","Fall SEAMAP Plankton Survey","0",,
"147","1988","FL","36","882","26/8/1988","2/9/1988","Fall SEAMAP Plankton Survey","0",,
"148","1988","AL","23","883","12/9/1988","12/9/1988","Fall SEAMAP Plankton Survey","0",,
"149","1988","MS","17","882","13/9/1988","30/9/1988","Fall SEAMAP Plankton Survey","0",,
"150","1988","LA","35","884","3/10/1988","12/10/1988","Fall SEAMAP Groundfish Survey","0",,
"151","1988","US","04","177","8/10/1988","8/10/1988","Fall SEAMAP Groundfish Survey","0",,
"152","1988","TX","33","882","2/11/1988","23/11/1988","Fall SEAMAP Groundfish Survey","0",,
"153","1988","TX","32","882","2/11/1988","23/11/1988","Fall SEAMAP Groundfish Survey","0",,
"154","1988","TX","40","882","2/11/1988","22/11/1988","Fall SEAMAP Groundfish Survey","0",,
"155","1988","LA","25","885","3/11/1988","14/11/1988","Fall SEAMAP Groundfish Survey","0",,
"156","1988","TX","34","882","8/11/1988","23/11/1988","Fall SEAMAP Groundfish Survey","0",,
"157","1988","MS","17","883","9/11/1988","12/11/1988","Fall SEAMAP Groundfish Survey","0",,
"158","1988","TX","31","882","13/11/1988","6/12/1988","Fall SEAMAP Groundfish Survey","0",,
"159","1988","LA","35","886","28/11/1988","15/12/1988","Winter SEAMAP Trawl Survey","0",,
"160","1989","LA","35","891","20/3/1989","9/4/1989","Spring SEAMAP Trawl Survey","0",,
"161","1989","US","49","892","24/4/1989","19/5/1989","Spring SEAMAP Plankton Survey","0",,
"162","1989","FL","36","891","11/5/1989","16/5/1989","Spring SEAMAP Plankton Survey","0",,
"163","1989","TX","40","891","2/6/1989","20/6/1989","Summer SEAMAP Groundfish Survey","0",,
"164","1989","TX","33","891","6/6/1989","16/6/1989","Summer SEAMAP Groundfish Survey","0",,
"165","1989","TX","34","891","6/6/1989","19/6/1989","Summer SEAMAP Groundfish Survey","0",,
"166","1989","TX","32","891","6/6/1989","20/6/1989","Summer SEAMAP Groundfish Survey","0",,
"167","1989","AL","23","891","7/6/1989","7/6/1989","Summer SEAMAP Groundfish Survey","0",,
"168","1989","TX","31","891","7/6/1989","20/6/1989","Summer SEAMAP Groundfish Survey","0",,
"169","1989","MS","17","891","9/6/1989","11/7/1989","Summer SEAMAP Groundfish Survey","0",,
"170","1989","US","04","180","16/6/1989","16/7/1989","Summer SEAMAP Groundfish Survey","0",,
"171","1989","LA","35","892","10/7/1989","13/7/1989","Summer SEAMAP Groundfish Survey","0",,
"172","1989","LA","25","893","10/7/1989","12/7/1989","Summer SEAMAP Groundfish Survey","0",,
"173","1989","AL","23","892","11/7/1989","14/7/1989","Summer SEAMAP Groundfish Survey","0",,
"174","1989","US","04","183","2/9/1989","29/9/1989","Fall SEAMAP Plankton Survey","0",,
"175","1989","AL","23","893","12/9/1989","12/9/1989","Fall SEAMAP Plankton Survey","0",,
"176","1989","MS","17","892","16/9/1989","19/9/1989","Fall SEAMAP Plankton Survey","0",,
"177","1989","LA","35","894","2/10/1989","6/10/1989","Fall SEAMAP Groundfish Survey","0",,
"178","1989","FL","36","892","4/10/1989","11/10/1989","Fall SEAMAP Plankton Survey","0",,
"179","1989","US","04","184","16/10/1989","19/11/1989","Fall SEAMAP Groundfish Survey","0",,
"180","1989","AL","23","894","25/10/1989","25/10/1989","Fall SEAMAP Groundfish Survey","0",,
"181","1989","TX","33","892","1/11/1989","21/11/1989","Fall SEAMAP Groundfish Survey","0",,
"182","1989","TX","40","892","7/11/1989","21/11/1989","Fall SEAMAP Groundfish Survey","0",,
"183","1989","TX","32","892","10/11/1989","21/12/1989","Fall SEAMAP Groundfish Survey","0",,
"184","1989","LA","35","896","11/11/1989","12/11/1989","SEAMAP Comparitive Tow","0",,
"185","1989","TX","34","892","12/11/1989","21/11/1989","Fall SEAMAP Groundfish Survey","0",,
"186","1989","LA","25","895","13/11/1989","20/11/1989","Fall SEAMAP Groundfish Survey","0",,
"187","1989","TX","31","892","13/11/1989","21/11/1989","Fall SEAMAP Groundfish Survey","0",,
"188","1989","MS","17","893","17/11/1989","20/11/1989","Fall SEAMAP Groundfish Survey","0",,
"189","1989","LA","35","897","13/12/1989","14/12/1989","Winter SEAMAP Trawl Survey","0",,
"190","1990","LA","35","901","11/4/1990","13/4/1990","Spring SEAMAP Trawl Survey","0",,
"191","1990","US","04","187","20/4/1990","24/5/1990","Spring SEAMAP Plankton Survey","0",,
"192","1990","FL","36","901","24/5/1990","30/5/1990","Spring SEAMAP Plankton Survey","0",,
"193","1990","US","04","188","30/5/1990","5/6/1990","Reef Fish Survey","0",,
"194","1990","US","28","904","30/5/1990","30/6/1990","Spring SEAMAP Plankton Survey","0",,
"195","1990","AL","23","901","7/6/1990","11/6/1990","Summer SEAMAP Groundfish Survey","0",,
"196","1990","MS","17","901","9/6/1990","7/8/1990","Summer SEAMAP Groundfish Survey","0",,
"197","1990","TX","33","901","10/6/1990","18/6/1990","Summer SEAMAP Groundfish Survey","0",,
"198","1990","TX","32","901","11/6/1990","18/6/1990","Summer SEAMAP Groundfish Survey","0",,
"199","1990","TX","31","901","12/6/1990","19/6/1990","Summer SEAMAP Groundfish Survey","0",,
"200","1990","TX","40","901","12/6/1990","18/6/1990","Summer SEAMAP Groundfish Survey","0",,
"201","1990","TX","34","901","13/6/1990","21/6/1990","Summer SEAMAP Groundfish Survey","0",,
"202","1990","US","04","189","14/6/1990","13/7/1990","Summer SEAMAP Groundfish Survey","0",,
"203","1990","LA","25","903","9/7/1990","11/7/1990","Summer SEAMAP Groundfish Survey","0",,
"204","1990","LA","35","902","9/7/1990","12/7/1990","Summer SEAMAP Groundfish Survey","0",,
"205","1990","AL","23","902","12/7/1990","12/7/1990","Summer SEAMAP Groundfish Survey","0",,
"206","1990","US","04","190","2/9/1990","29/9/1990","Fall SEAMAP Plankton Survey","0",,
"207","1990","MS","17","902","7/9/1990","16/9/1990","Fall SEAMAP Plankton Survey","0",,
"208","1990","AL","23","903","19/9/1990","19/9/1990","Fall SEAMAP Plankton Survey","0",,
"209","1990","LA","35","904","1/10/1990","4/10/1990","Fall SEAMAP Groundfish Survey","0",,
"210","1990","US","04","191","12/10/1990","18/11/1990","Fall SEAMAP Groundfish Survey","0",,
"211","1990","FL","36","902","13/10/1990","18/10/1990","Fall SEAMAP Plankton Survey","0",,
"212","1990","TX","33","902","1/11/1990","16/11/1990","Fall SEAMAP Groundfish Survey","0",,
"213","1990","TX","32","902","1/11/1990","16/11/1990","Fall SEAMAP Groundfish Survey","0",,
"214","1990","TX","40","902","1/11/1990","16/11/1990","Fall SEAMAP Groundfish Survey","0",,
"215","1990","TX","34","902","6/11/1990","19/11/1990","Fall SEAMAP Groundfish Survey","0",,
"216","1990","LA","25","905","7/11/1990","14/11/1990","Fall SEAMAP Groundfish Survey","0",,
"217","1990","TX","31","902","12/11/1990","28/11/1990","Fall SEAMAP Groundfish Survey","0",,
"218","1990","AL","23","904","13/11/1990","15/11/1990","Fall SEAMAP Groundfish Survey","0",,
"219","1990","MS","17","903","15/11/1990","18/11/1990","Fall SEAMAP Groundfish Survey","0",,
"220","1990","LA","35","906","26/11/1990","7/12/1990","Winter SEAMAP Trawl Survey","0",,
"221","1991","LA","35","911","25/3/1991","4/4/1991","Spring SEAMAP Trawl Survey","0",,
"222","1991","US","04","194","17/4/1991","22/5/1991","Spring SEAMAP Plankton Survey","0",,
"223","1991","FL","36","911","7/5/1991","9/5/1991","Spring SEAMAP Plankton Survey","0",,
"224","1991","TX","40","911","3/6/1991","18/6/1991","Summer SEAMAP Groundfish Survey","0",,
"225","1991","AL","23","911","3/6/1991","5/6/1991","Summer SEAMAP Groundfish Survey","0",,
"226","1991","TX","32","911","4/6/1991","20/6/1991","Summer SEAMAP Groundfish Survey","0",,
"227","1991","TX","34","911","5/6/1991","18/6/1991","Summer SEAMAP Groundfish Survey","0",,
"228","1991","TX","33","911","5/6/1991","18/6/1991","Summer SEAMAP Groundfish Survey","0",,
"229","1991","US","04","195","11/6/1991","13/7/1991","Summer SEAMAP Groundfish Survey","0",,
"230","1991","TX","31","911","11/6/1991","18/6/1991","Summer SEAMAP Groundfish Survey","0",,
"231","1991","MS","17","911","14/6/1991","11/7/1991","Summer SEAMAP Groundfish Survey","0",,
"232","1991","LA","35","912","8/7/1991","12/7/1991","Summer SEAMAP Groundfish Survey","0",,
"233","1991","LA","25","913","9/7/1991","10/7/1991","Summer SEAMAP Groundfish Survey","0",,
"234","1991","FL","36","912","21/8/1991","25/8/1991","Fall SEAMAP Plankton Survey","0",,
"235","1991","US","28","914","23/8/1991","26/9/1991","Fall SEAMAP Plankton Survey","0",,
"236","1991","AL","23","912","12/9/1991","12/9/1991","Fall SEAMAP Plankton Survey","0",,
"237","1991","MS","17","912","14/9/1991","29/9/1991","Fall SEAMAP Plankton Survey","0",,
"238","1991","LA","35","914","30/9/1991","4/10/1991","Fall SEAMAP Groundfish Survey","0",,
"239","1991","US","04","197","11/10/1991","18/11/1991","Fall SEAMAP Groundfish Survey","0",,
"240","1991","AL","23","913","17/10/1991","17/10/1991","Fall SEAMAP Groundfish Survey","0",,
"241","1991","LA","25","915","5/11/1991","6/11/1991","Fall SEAMAP Groundfish Survey","0",,
"242","1991","TX","32","912","6/11/1991","21/11/1991","Fall SEAMAP Groundfish Survey","0",,
"243","1991","TX","33","912","7/11/1991","22/11/1991","Fall SEAMAP Groundfish Survey","0",,
"244","1991","TX","31","912","10/11/1991","21/11/1991","Fall SEAMAP Groundfish Survey","0",,
"245","1991","TX","34","912","11/11/1991","18/11/1991","Fall SEAMAP Groundfish Survey","0",,
"246","1991","TX","40","912","13/11/1991","22/11/1991","Fall SEAMAP Groundfish Survey","0",,
"247","1991","MS","17","913","14/11/1991","16/11/1991","Fall SEAMAP Groundfish Survey","0",,
"248","1991","LA","35","916","2/12/1991","6/12/1991","Winter SEAMAP Trawl Survey","0",,
"249","1992","LA","35","921","9/3/1992","13/3/1992","Spring SEAMAP Trawl Survey","0",,
"250","1992","US","04","199","22/4/1992","7/6/1992","Spring SEAMAP Plankton Survey","0",,
"251","1992","US","28","922","30/4/1992","13/5/1992","Spring Plankton NEO-Mississippi River Survey","0",,
"252","1992","MS","17","921","12/5/1992","14/5/1992","SEAMAP Trap Video Survey","0",,
"253","1992","FL","26","921","17/5/1992","21/5/1992","Spring SEAMAP Plankton Survey","0",,
"254","1992","TX","31","921","3/6/1992","18/6/1992","Summer SEAMAP Groundfish Survey","0",,
"255","1992","TX","32","921","3/6/1992","22/6/1992","Summer SEAMAP Groundfish Survey","0",,
"256","1992","AL","23","921","4/6/1992","12/6/1992","Summer SEAMAP Groundfish Survey","0",,
"257","1992","TX","34","921","4/6/1992","23/6/1992","Summer SEAMAP Groundfish Survey","0",,
"258","1992","TX","33","921","8/6/1992","23/6/1992","Summer SEAMAP Groundfish Survey","0",,
"259","1992","TX","40","921","9/6/1992","21/6/1992","Summer SEAMAP Groundfish Survey","0",,
"260","1992","MS","17","922","11/6/1992","13/7/1992","Summer SEAMAP Groundfish Survey","0",,
"261","1992","US","04","200","12/6/1992","13/7/1992","Summer SEAMAP Groundfish Survey","0",,
"262","1992","LA","35","922","6/7/1992","9/7/1992","Summer SEAMAP Groundfish Survey","0",,
"263","1992","AL","23","920","8/7/1992","10/9/1992","SEAMAP Trap Video Survey","0",,
"264","1992","US","28","925","30/8/1992","20/9/1992","Fall SEAMAP Plankton Survey","0",,
"265","1992","AL","23","922","22/9/1992","22/9/1992","Fall SEAMAP Plankton Survey","0",,
"266","1992","US","04","201","24/9/1992","29/9/1992","Fall SEAMAP Plankton Survey","0",,
"267","1992","LA","35","923","28/9/1992","1/10/1992","Fall SEAMAP Groundfish Survey","0",,
"268","1992","US","17","923","29/9/1992","29/9/1992","Fall SEAMAP Plankton Survey","0",,
"269","1992","FL","26","922","12/10/1992","19/10/1992","Fall SEAMAP Plankton Survey","0",,
"270","1992","US","04","202","14/10/1992","19/11/1992","Fall SEAMAP Groundfish Survey","0",,
"271","1992","AL","23","923","28/10/1992","28/10/1992","Fall SEAMAP Groundfish Survey","0",,
"272","1992","TX","34","922","2/11/1992","17/11/1992","Fall SEAMAP Groundfish Survey","0",,
"273","1992","TX","31","922","2/11/1992","16/11/1992","Fall SEAMAP Groundfish Survey","0",,
"274","1992","TX","32","922","12/11/1992","16/11/1992","Fall SEAMAP Groundfish Survey","0",,
"275","1992","TX","40","922","12/11/1992","16/11/1992","Fall SEAMAP Groundfish Survey","0",,
"276","1992","MS","17","924","15/11/1992","17/11/1992","Fall SEAMAP Groundfish Survey","0",,
"277","1992","TX","33","922","15/11/1992","23/11/1992","Fall SEAMAP Groundfish Survey","0",,
"278","1992","LA","35","924","7/12/1992","11/12/1992","Winter SEAMAP Trawl Survey","0",,
"279","1993","US","04","203","6/1/1993","12/2/1993","Winter SEAMAP Plankton Survey","0",,
"280","1993","LA","35","931","22/3/1993","26/3/1993","Spring SEAMAP Trawl Survey","0",,
"281","1993","US","28","934","26/4/1993","14/5/1993","Spring SEAMAP Plankton Survey","0",,
"282","1993","US","04","204","6/5/1993","15/6/1993","Spring SEAMAP Plankton Survey","0",,
"283","1993","FL","30","931","12/5/1993","15/5/1993","Spring SEAMAP Plankton Survey","0",,
"284","1993","MS","17","931","19/5/1993","20/5/1993","SEAMAP Trap Video Survey","0",,
"285","1993","US","28","935","23/5/1993","1/7/1993","Spring SEAMAP Plankton Survey","0",,
"286","1993","TX","32","931","1/6/1993","16/6/1993","Summer SEAMAP Groundfish Survey","0",,
"287","1993","TX","34","931","2/6/1993","16/6/1993","Summer SEAMAP Groundfish Survey","0",,
"288","1993","AL","23","931","3/6/1993","11/6/1993","Summer SEAMAP Groundfish Survey","0",,
"289","1993","MS","17","932","11/6/1993","8/7/1993","Summer SEAMAP Groundfish Survey","0",,
"290","1993","TX","33","931","12/6/1993","16/6/1993","Summer SEAMAP Groundfish Survey","0",,
"291","1993","TX","40","931","13/6/1993","16/6/1993","Summer SEAMAP Groundfish Survey","0",,
"292","1993","TX","31","931","14/6/1993","28/6/1993","Summer SEAMAP Groundfish Survey","0",,
"293","1993","US","04","205","19/6/1993","19/6/1993","Summer SEAMAP Groundfish Survey","0",,
"294","1993","LA","35","932","5/7/1993","8/7/1993","Summer SEAMAP Groundfish Survey","0",,
"295","1993","AL","23","934","29/7/1993","30/11/1993","SEAMAP Trap Video Survey","0",,
"296","1993","AL","23","930","24/8/1993","29/9/1993","SEAMAP Comparitve Tow","0",,
"297","1993","MS","17","930","24/8/1993","29/9/1993","SEAMAP Comparitve Tow","0",,
"298","1993","US","28","936","30/8/1993","29/9/1993","Fall SEAMAP Plankton Survey","0",,
"299","1993","MS","17","933","9/9/1993","11/9/1993","Fall SEAMAP Plankton Survey","0",,
"300","1993","MS","17","934","19/9/1993","21/9/1993","Fall SEAMAP Plankton Survey","0",,
"301","1993","AL","23","932","21/9/1993","21/9/1993","Fall SEAMAP Plankton Survey","0",,
"302","1993","LA","35","933","4/10/1993","7/10/1993","Fall SEAMAP Groundfish Survey","0",,
"303","1993","US","04","207","5/10/1993","6/10/1993","Fall SEAMAP Plankton Survey","0",,
"304","1993","FL","26","932","11/10/1993","18/10/1993","Fall SEAMAP Plankton Survey","0",,
"305","1993","US","04","208","15/10/1993","18/11/1993","Fall SEAMAP Groundfish Survey","0",,
"306","1993","AL","23","933","25/10/1993","27/10/1993","Fall SEAMAP Groundfish Survey","0",,
"307","1993","MS","17","935","28/10/1993","3/11/1993","Fall SEAMAP Groundfish Survey","0",,
"308","1993","TX","32","932","1/11/1993","19/11/1993","Fall SEAMAP Groundfish Survey","0",,
"309","1993","TX","33","932","3/11/1993","18/11/1993","Fall SEAMAP Groundfish Survey","0",,
"310","1993","TX","31","932","3/11/1993","22/11/1993","Fall SEAMAP Groundfish Survey","0",,
"311","1993","TX","34","932","11/11/1993","17/11/1993","Fall SEAMAP Groundfish Survey","0",,
"312","1993","TX","40","932","11/11/1993","18/11/1993","Fall SEAMAP Groundfish Survey","0",,
"313","1993","LA","35","934","29/11/1993","3/12/1993","Winter SEAMAP Trawl Survey","0",,
"314","1994","LA","35","941","18/3/1994","31/3/1994","Spring SEAMAP Trawl Survey","0",,
"315","1994","US","04","209","16/4/1994","9/6/1994","Spring SEAMAP Plankton Survey","0",,
"316","1994","LA","35","940","9/5/1994","12/5/1994","SEAMAP Comparitive Tow","0",,
"317","1994","MS","17","940","9/5/1994","12/5/1994","Spring SEAMAP Trawl Survey","0",,
"318","1994","FL","36","941","20/5/1994","22/5/1994","Spring SEAMAP Plankton Survey","0",,
"319","1994","US","28","944","20/5/1994","31/5/1994","Spring Plankton Blue Fin Larval Survey","0",,
"320","1994","TX","33","941","1/6/1994","21/6/1994","Summer SEAMAP Groundfish Survey","0",,
"321","1994","TX","32","941","2/6/1994","21/6/1994","Summer SEAMAP Groundfish Survey","0",,
"322","1994","AL","23","941","2/6/1994","9/6/1994","Summer SEAMAP Groundfish Survey","0",,
"323","1994","TX","31","941","6/6/1994","20/6/1994","Summer SEAMAP Groundfish Survey","0",,
"324","1994","TX","34","941","7/6/1994","25/6/1994","Summer SEAMAP Groundfish Survey","0",,
"325","1994","US","28","945","9/6/1994","21/7/1994","Reef Fish Survey","0",,
"326","1994","MS","17","941","10/6/1994","7/7/1994","Summer SEAMAP Groundfish Survey","0",,
"327","1994","TX","40","941","14/6/1994","20/6/1994","Summer SEAMAP Groundfish Survey","0",,
"328","1994","US","04","210","16/6/1994","18/7/1994","Summer SEAMAP Groundfish Survey","0",,
"329","1994","LA","35","942","4/7/1994","7/7/1994","Summer SEAMAP Groundfish Survey","0",,
"330","1994","MS","17","942","5/8/1994","7/8/1994","SEAMAP Trap Video Survey","0",,
"331","1994","MS","17","943","9/9/1994","11/9/1994","Fall SEAMAP Plankton Survey","0",,
"332","1994","US","28","946","11/9/1994","29/9/1994","Fall SEAMAP Plankton Survey","0",,
"333","1994","LA","35","943","26/9/1994","29/9/1994","Fall SEAMAP Groundfish Survey","0",,
"334","1994","AL","23","944","26/9/1994","8/12/1994","SEAMAP Trap Video Survey","0",,
"335","1994","FL","36","942","28/9/1994","8/10/1994","Fall SEAMAP Plankton Survey","0",,
"336","1994","AL","23","942","28/9/1994","28/9/1994","Fall SEAMAP Plankton Survey","0",,
"337","1994","MS","17","944","2/10/1994","2/10/1994","Fall SEAMAP Plankton Survey","0",,
"338","1994","US","04","214","14/10/1994","20/11/1994","Fall SEAMAP Groundfish Survey","0",,
"339","1994","AL","23","943","24/10/1994","24/10/1994","Fall SEAMAP Groundfish Survey","0",,
"340","1994","MS","17","945","27/10/1994","13/11/1994","Fall SEAMAP Groundfish Survey","0",,
"341","1994","TX","40","942","7/11/1994","18/11/1994","Fall SEAMAP Groundfish Survey","0",,
"342","1994","TX","34","942","8/11/1994","18/11/1994","Fall SEAMAP Groundfish Survey","0",,
"343","1994","TX","33","942","8/11/1994","17/11/1994","Fall SEAMAP Groundfish Survey","0",,
"344","1994","TX","31","942","14/11/1994","17/11/1994","Fall SEAMAP Groundfish Survey","0",,
"345","1994","TX","32","942","14/11/1994","30/11/1994","Fall SEAMAP Groundfish Survey","0",,
"346","1994","LA","35","944","28/11/1994","2/12/1994","Winter SEAMAP Trawl Survey","0",,
"347","1995","AL","23","950","9/1/1995","1/12/1995","SEAMAP Trap Video Survey","0",,
"348","1995","LA","35","951","21/3/1995","25/3/1995","Spring SEAMAP Trawl Survey","0",,
"349","1995","US","04","216","19/4/1995","7/6/1995","Spring SEAMAP Plankton Survey","0",,
"350","1995","FL","26","951","20/4/1995","28/4/1995","Spring SEAMAP Plankton Survey","0",,
"351","1995","TX","33","951","1/6/1995","22/6/1995","Summer SEAMAP Groundfish Survey","0",,
"352","1995","TX","40","951","2/6/1995","20/6/1995","Summer SEAMAP Groundfish Survey","0",,
"353","1995","TX","32","951","5/6/1995","20/6/1995","Summer SEAMAP Groundfish Survey","0",,
"354","1995","AL","23","951","6/6/1995","8/6/1995","Summer SEAMAP Groundfish Survey","0",,
"355","1995","MS","17","951","9/6/1995","8/7/1995","Summer SEAMAP Groundfish Survey","0",,
"356","1995","TX","34","951","12/6/1995","20/6/1995","Summer SEAMAP Groundfish Survey","0",,
"357","1995","TX","31","951","13/6/1995","21/6/1995","Summer SEAMAP Groundfish Survey","0",,
"358","1995","US","04","217","17/6/1995","19/7/1995","Summer SEAMAP Groundfish Survey","0",,
"359","1995","US","28","954","21/6/1995","28/7/1995","Tuna/Reef Fish Survey","0",,
"360","1995","LA","35","952","26/6/1995","30/6/1995","Summer SEAMAP Groundfish Survey","0",,
"361","1995","TX","31","953","29/8/1995","29/8/1995","SEAMAP Trap Video Survey","0",,
"362","1995","US","28","955","6/9/1995","26/9/1995","Fall SEAMAP Plankton Survey","0",,
"363","1995","AL","23","952","14/9/1995","14/9/1995","Fall SEAMAP Plankton Survey","0",,
"364","1995","MS","17","952","16/9/1995","18/9/1995","Fall SEAMAP Plankton Survey","0",,
"365","1995","MS","17","953","20/9/1995","22/9/1995","SEAMAP Trap Video Survey","0",,
"366","1995","FL","26","952","24/9/1995","28/9/1995","Fall SEAMAP Plankton Survey","0",,
"367","1995","LA","35","953","25/9/1995","29/9/1995","Fall SEAMAP Groundfish Survey","0",,
"368","1995","US","04","219","16/10/1995","16/11/1995","Fall SEAMAP Groundfish Survey","0",,
"369","1995","MS","17","954","28/10/1995","15/11/1995","Fall SEAMAP Groundfish Survey","0",,
"370","1995","TX","32","952","7/11/1995","22/11/1995","Fall SEAMAP Groundfish Survey","0",,
"371","1995","TX","33","952","13/11/1995","22/11/1995","Fall SEAMAP Groundfish Survey","0",,
"372","1995","TX","34","952","13/11/1995","22/11/1995","Fall SEAMAP Groundfish Survey","0",,
"373","1995","TX","31","952","13/11/1995","16/11/1995","Fall SEAMAP Groundfish Survey","0",,
"374","1995","TX","40","952","13/11/1995","25/11/1995","Fall SEAMAP Groundfish Survey","0",,
"375","1995","AL","23","953","4/12/1995","4/12/1995","Winter SEAMAP Trawl Survey","0",,
"376","1996","LA","35","960","9/1/1996","12/1/1996","Winter SEAMAP Trawl Survey","0",,
"377","1996","US","04","220","17/4/1996","8/6/1996","Spring SEAMAP Plankton Survey","0",,
"378","1996","AL","23","964","8/5/1996","24/10/1996","SEAMAP Trap Video Survey","0",,
"379","1996","FL","26","961","20/5/1996","25/5/1996","Spring SEAMAP Plankton Survey","0",,
"380","1996","TX","40","961","3/6/1996","18/6/1996","Summer SEAMAP Groundfish Survey","0",,
"381","1996","TX","31","961","4/6/1996","27/6/1996","Summer SEAMAP Groundfish Survey","0",,
"382","1996","TX","34","961","4/6/1996","17/6/1996","Summer SEAMAP Groundfish Survey","0",,
"383","1996","TX","32","961","4/6/1996","29/6/1996","Summer SEAMAP Groundfish Survey","0",,
"384","1996","TX","33","961","4/6/1996","17/6/1996","Summer SEAMAP Groundfish Survey","0",,
"385","1996","AL","23","961","5/6/1996","5/6/1996","Summer SEAMAP Groundfish Survey","0",,
"386","1996","MS","17","961","6/6/1996","7/7/1996","Summer SEAMAP Groundfish Survey","0",,
"387","1996","US","04","221","14/6/1996","17/7/1996","Summer SEAMAP Groundfish Survey","0",,
"388","1996","US","28","964","28/6/1996","21/8/1996","Reef Fish Survey","0",,
"389","1996","LA","35","961","1/7/1996","5/7/1996","Summer SEAMAP Groundfish Survey","0",,
"390","1996","US","28","965","5/9/1996","25/9/1996","Fall SEAMAP Plankton Survey","0",,
"391","1996","FL","26","962","11/9/1996","14/9/1996","Fall SEAMAP Plankton Survey","0",,
"392","1996","MS","17","962","21/9/1996","23/9/1996","Fall SEAMAP Plankton Survey","0",,
"393","1996","LA","35","962","30/9/1996","3/10/1996","Fall SEAMAP Groundfish Survey","0",,
"394","1996","US","04","223","2/10/1996","23/11/1996","Comparative Tow","0",,
"395","1996","AL","23","962","10/10/1996","10/10/1996","Fall SEAMAP Plankton Survey","0",,
"396","1996","US","04","224","11/10/1996","22/11/1996","Fall SEAMAP Groundfish Survey","0",,
"397","1996","US","28","966","11/10/1996","24/11/1996","Small Pelegic/Acoustic/Plankton Survey","0",,
"398","1996","MS","17","963","21/10/1996","25/10/1996","Fall SEAMAP Groundfish Survey","0",,
"399","1996","AL","23","963","28/10/1996","30/10/1996","Fall SEAMAP Groundfish Survey","0",,
"400","1996","TX","40","962","5/11/1996","20/11/1996","Fall SEAMAP Groundfish Survey","0",,
"401","1996","TX","31","962","10/11/1996","20/11/1996","Fall SEAMAP Groundfish Survey","0",,
"402","1996","TX","32","962","11/11/1996","19/11/1996","Fall SEAMAP Groundfish Survey","0",,
"403","1996","TX","34","962","12/11/1996","19/11/1996","Fall SEAMAP Groundfish Survey","0",,
"404","1996","TX","33","962","13/11/1996","20/11/1996","Fall SEAMAP Groundfish Survey","0",,
"405","1996","LA","35","963","2/12/1996","5/12/1996","Winter SEAMAP Trawl Survey","0",,
"406","1996","US","28","967","3/12/1996","16/12/1996","Winter SEAMAP Plankton Survey","0",,
"407","1997","US","04","225","17/4/1997","9/6/1997","Spring SEAMAP Plankton Survey","0",,
"408","1997","FL","26","971","16/5/1997","18/5/1997","Spring SEAMAP Plankton Survey","0",,
"409","1997","TX","32","971","2/6/1997","25/6/1997","Summer SEAMAP Groundfish Survey","0",,
"410","1997","TX","33","971","2/6/1997","19/6/1997","Summer SEAMAP Groundfish Survey","0",,
"411","1997","TX","40","971","3/6/1997","24/6/1997","Summer SEAMAP Groundfish Survey","0",,
"412","1997","TX","34","971","3/6/1997","25/6/1997","Summer SEAMAP Groundfish Survey","0",,
"413","1997","AL","23","971","4/6/1997","4/6/1997","Summer SEAMAP Groundfish Survey","0",,
"414","1997","TX","31","971","4/6/1997","26/6/1997","Summer SEAMAP Groundfish Survey","0",,
"415","1997","MS","17","971","6/6/1997","11/7/1997","Summer SEAMAP Groundfish Survey","0",,
"416","1997","US","04","226","13/6/1997","16/7/1997","Summer SEAMAP Groundfish Survey","0",,
"417","1997","US","28","974","20/6/1997","17/8/1997","Reef Fish Survey","0",,
"418","1997","LA","35","971","29/6/1997","2/7/1997","Summer SEAMAP Groundfish Survey","0",,
"419","1997","AL","23","973","15/7/1997","10/11/1997","SEAMAP Trap Video Survey","0",,
"420","1997","US","28","975","7/9/1997","27/9/1997","Fall SEAMAP Plankton Survey","0",,
"421","1997","AL","23","972","16/9/1997","16/9/1997","Fall SEAMAP Plankton Survey","0",,
"422","1997","MS","17","972","20/9/1997","22/9/1997","Fall SEAMAP Plankton Survey","0",,
"423","1997","FL","26","972","2/10/1997","6/10/1997","Fall SEAMAP Plankton Survey","0",,
"424","1997","LA","35","972","4/10/1997","7/10/1997","Fall SEAMAP Groundfish Survey","0",,
"425","1997","US","04","229","10/10/1997","20/11/1997","Fall SEAMAP Groundfish Survey","0",,
"426","1997","AL","23","974","21/10/1997","21/10/1997","Fall SEAMAP Groundfish Survey","0",,
"427","1997","TX","32","972","3/11/1997","20/11/1997","Fall SEAMAP Groundfish Survey","0",,
"428","1997","TX","40","972","4/11/1997","20/11/1997","Fall SEAMAP Groundfish Survey","0",,
"429","1997","MS","17","973","7/11/1997","11/11/1997","Fall SEAMAP Groundfish Survey","0",,
"430","1997","TX","34","972","11/11/1997","25/11/1997","Fall SEAMAP Groundfish Survey","0",,
"431","1997","TX","33","972","13/11/1997","21/11/1997","Fall SEAMAP Groundfish Survey","0",,
"432","1997","TX","31","972","13/11/1997","20/11/1997","Fall SEAMAP Groundfish Survey","0",,
"433","1997","LA","35","973","1/12/1997","4/12/1997","Winter SEAMAP Trawl Survey","0",,
"434","1998","US","28","984","19/4/1998","30/5/1998","Spring SEAMAP Plankton Survey","0",,
"435","1998","AL","23","984","19/5/1998","28/8/1998","SEAMAP Trap Video Survey","0",,
"436","1998","TX","33","981","1/6/1998","17/6/1998","Summer SEAMAP Groundfish Survey","0",,
"437","1998","TX","32","981","1/6/1998","25/6/1998","Summer SEAMAP Groundfish Survey","0",,
"438","1998","AL","23","981","2/6/1998","2/6/1998","Summer SEAMAP Groundfish Survey","0",,
"439","1998","TX","40","981","13/6/1998","23/6/1998","Summer SEAMAP Groundfish Survey","0",,
"440","1998","TX","34","981","16/6/1998","22/6/1998","Summer SEAMAP Groundfish Survey","0",,
"441","1998","TX","31","981","16/6/1998","23/6/1998","Summer SEAMAP Groundfish Survey","0",,
"442","1998","FL","26","981","21/6/1998","23/6/1998","Summer SEAMAP Plankton Survey","0",,
"443","1998","US","04","230","22/6/1998","16/7/1998","Summer SEAMAP Groundfish Survey","0",,
"444","1998","MS","17","981","27/6/1998","9/7/1998","Summer SEAMAP Groundfish Survey","0",,
"445","1998","LA","35","981","6/7/1998","9/7/1998","Summer SEAMAP Groundfish Survey","0",,
"446","1998","US","61","981","9/7/1998","20/8/1998","Fall SEAMAP Plankton Survey","0",,
"447","1998","US","63","981","4/9/1998","25/9/1998","Fall SEAMAP Plankton Survey","0",,
"448","1998","MS","17","982","22/9/1998","24/9/1998","Fall SEAMAP Plankton Survey","0",,
"449","1998","LA","35","982","30/9/1998","3/10/1998","Fall SEAMAP Groundfish Survey","0",,
"450","1998","AL","23","982","6/10/1998","6/10/1998","Fall SEAMAP Plankton Survey","0",,
"451","1998","US","04","232","12/10/1998","18/11/1998","Fall SEAMAP Groundfish Survey","0",,
"452","1998","MS","17","983","26/10/1998","1/11/1998","Fall SEAMAP Groundfish Survey","0",,
"453","1998","AL","23","983","27/10/1998","29/10/1998","Fall SEAMAP Groundfish Survey","0",,
"454","1998","TX","32","982","2/11/1998","16/11/1998","Fall SEAMAP Groundfish Survey","0",,
"455","1998","TX","34","982","3/11/1998","16/11/1998","Fall SEAMAP Groundfish Survey","0",,
"456","1998","TX","31","982","3/11/1998","16/11/1998","Fall SEAMAP Groundfish Survey","0",,
"457","1998","TX","40","982","3/11/1998","16/11/1998","Fall SEAMAP Groundfish Survey","0",,
"458","1998","TX","33","982","13/11/1998","17/11/1998","Fall SEAMAP Groundfish Survey","0",,
"459","1998","LA","35","983","17/11/1998","20/11/1998","Fall SEAMAP Groundfish Survey","0",,
"460","1999","AL","23","994","25/1/1999","14/12/1999","SEAMAP Trap Video Survey","0",,
"461","1999","US","04","234","23/4/1999","31/5/1999","Spring SEAMAP Plankton Survey","0",,
"462","1999","TX","32","991","1/6/1999","16/6/1999","Summer SEAMAP Groundfish Survey","0",,
"463","1999","TX","34","991","2/6/1999","19/6/1999","Summer SEAMAP Groundfish Survey","0",,
"464","1999","AL","23","991","3/6/1999","4/6/1999","Summer SEAMAP Groundfish Survey","0",,
"465","1999","TX","40","991","7/6/1999","16/6/1999","Summer SEAMAP Groundfish Survey","0",,
"466","1999","TX","33","991","8/6/1999","16/6/1999","Summer SEAMAP Groundfish Survey","0",,
"467","1999","TX","65","991","10/6/1999","29/6/1999","Summer SEAMAP Groundfish Survey","0",,
"468","1999","MS","17","991","11/6/1999","9/7/1999","Summer SEAMAP Groundfish Survey","0",,
"469","1999","US","04","235","15/6/1999","20/7/1999","Summer SEAMAP Groundfish Survey","0",,
"470","1999","LA","17","992","12/7/1999","15/7/1999","Summer SEAMAP Groundfish Survey","0",,
"471","1999","US","63","992","3/9/1999","29/9/1999","Fall SEAMAP Plankton Survey","0",,
"472","1999","MS","17","993","9/9/1999","10/9/1999","Fall SEAMAP Plankton Survey","0",,
"473","1999","FL","26","991","25/9/1999","29/9/1999","Fall SEAMAP Plankton Survey","0",,
"474","1999","AL","23","992","29/9/1999","29/9/1999","Fall SEAMAP Plankton Survey","0",,
"475","1999","LA","17","994","11/10/1999","14/10/1999","Fall SEAMAP Groundfish Survey","0",,
"476","1999","US","04","237","16/10/1999","22/11/1999","Fall SEAMAP Groundfish Survey","0",,
"477","1999","US","63","993","20/10/1999","22/11/1999","Fall SEAMAP Groundfish Survey","0",,
"478","1999","MS","17","995","22/10/1999","26/10/1999","Fall SEAMAP Groundfish Survey","0",,
"479","1999","AL","23","993","28/10/1999","28/10/1999","Fall SEAMAP Groundfish Survey","0",,
"480","1999","TX","32","992","1/11/1999","16/11/1999","Fall SEAMAP Groundfish Survey","0",,
"481","1999","TX","40","992","1/11/1999","17/11/1999","Fall SEAMAP Groundfish Survey","0",,
"482","1999","TX","65","992","4/11/1999","1/12/1999","Fall SEAMAP Groundfish Survey","0",,
"483","1999","TX","33","992","8/11/1999","23/11/1999","Fall SEAMAP Groundfish Survey","0",,
"484","1999","TX","34","992","8/11/1999","18/11/1999","Fall SEAMAP Groundfish Survey","0",,
"485","1999","LA","35","993","29/11/1999","3/12/1999","Winter SEAMAP Trawl Survey","0",,
"486","2000","US","63","2","20/4/2000","26/5/2000","Spring SEAMAP Plankton Survey","0",,
"487","2000","TX","40","1","1/6/2000","22/6/2000","Summer SEAMAP Groundfish Survey","0",,
"488","2000","TX","32","1","5/6/2000","27/6/2000","Summer SEAMAP Groundfish Survey","0",,
"489","2000","AL","23","1","5/6/2000","12/6/2000","Summer SEAMAP Groundfish Survey","0",,
"490","2000","TX","31","1","6/6/2000","27/6/2000","Summer SEAMAP Groundfish Survey","0",,
"491","2000","MS","17","1","9/6/2000","12/7/2000","Summer SEAMAP Groundfish Survey","0",,
"492","2000","TX","33","1","13/6/2000","26/6/2000","Summer SEAMAP Groundfish Survey","0",,
"493","2000","TX","65","1","13/6/2000","26/6/2000","Summer SEAMAP Groundfish Survey","0",,
"494","2000","US","04","240","13/6/2000","19/7/2000","Summer SEAMAP Groundfish Survey","0",,
"495","2000","LA","35","1","17/7/2000","20/7/2000","Summer SEAMAP Groundfish Survey","0",,
"496","2000","US","04","242","7/9/2000","1/10/2000","Fall SEAMAP Plankton Survey","0",,
"497","2000","AL","23","2","12/9/2000","12/9/2000","Fall SEAMAP Plankton Survey","0",,
"498","2000","FL","26","1","26/9/2000","29/9/2000","Fall SEAMAP Plankton Survey","0",,
"499","2000","AL","23","4","11/10/2000","3/11/2000","SEAMAP Trap Video Survey","0",,
"500","2000","LA","35","2","11/10/2000","13/10/2000","Fall SEAMAP Groundfish Survey","0",,
"501","2000","MS","17","2","13/10/2000","15/10/2000","Fall SEAMAP Plankton Survey","0",,
"502","2000","US","04","243","14/10/2000","19/11/2000","Fall SEAMAP Groundfish Survey","0",,
"503","2000","AL","23","3","19/10/2000","19/10/2000","Fall SEAMAP Groundfish Survey","0",,
"504","2000","MS","17","3","20/10/2000","31/10/2000","Fall SEAMAP Groundfish Survey","0",,
"505","2000","TX","40","2","10/11/2000","20/11/2000","Fall SEAMAP Groundfish Survey","0",,
"506","2000","TX","32","2","10/11/2000","20/11/2000","Fall SEAMAP Groundfish Survey","0",,
"507","2000","TX","33","2","11/11/2000","22/11/2000","Fall SEAMAP Groundfish Survey","0",,
"508","2000","TX","31","2","11/11/2000","21/11/2000","Fall SEAMAP Groundfish Survey","0",,
"509","2000","TX","65","2","15/11/2000","28/11/2000","Fall SEAMAP Groundfish Survey","0",,
"510","2000","LA","35","3","27/11/2000","1/12/2000","Winter SEAMAP Trawl Survey","0",,
"511","2001","US","63","12","18/4/2001","29/5/2001","Spring SEAMAP Plankton Survey","0",,
"512","2001","AL","66","11","18/5/2001","22/10/2001","SEAMAP Trap Video Survey","0",,
"513","2001","TX","33","11","1/6/2001","18/6/2001","Summer SEAMAP Groundfish Survey","0",,
"514","2001","TX","67","11","1/6/2001","18/6/2001","Summer SEAMAP Groundfish Survey","0",,
"515","2001","MS","17","12","8/6/2001","16/6/2001","Summer SEAMAP Groundfish Survey","0",,
"516","2001","TX","34","11","8/6/2001","18/6/2001","Summer SEAMAP Groundfish Survey","0",,
"517","2001","TX","69","11","11/6/2001","18/6/2001","Summer SEAMAP Groundfish Survey","0",,
"518","2001","TX","40","11","11/6/2001","18/6/2001","Summer SEAMAP Groundfish Survey","0",,
"519","2001","US","04","246","12/6/2001","24/7/2001","Summer SEAMAP Groundfish Survey","0",,
"520","2001","AL","23","11","18/6/2001","25/6/2001","Summer SEAMAP Groundfish Survey","0",,
"521","2001","US","17","13","3/7/2001","12/7/2001","Summer SEAMAP Groundfish Survey","0",,
"522","2001","LA","35","11","16/7/2001","19/7/2001","Summer SEAMAP Groundfish Survey","0",,
"523","2001","US","63","15","31/8/2001","7/9/2001","Fall SEAMAP Plankton Survey","0",,
"524","2001","AL","23","12","27/9/2001","27/9/2001","Fall SEAMAP Plankton Survey","0",,
"525","2001","LA","35","12","8/10/2001","21/10/2001","Fall SEAMAP Groundfish Survey","0",,
"526","2001","FL","26","11","11/10/2001","14/10/2001","Fall SEAMAP Plankton Survey","0",,
"527","2001","US","63","16","15/10/2001","19/11/2001","Comparitive Tow","0",,
"528","2001","US","04","248","15/10/2001","19/11/2001","Fall SEAMAP Groundfish Survey","0",,
"529","2001","MS","17","14","18/10/2001","21/10/2001","Fall SEAMAP Groundfish Survey","0",,
"530","2001","AL","23","13","23/10/2001","12/11/2001","Fall SEAMAP Groundfish Survey","0",,
"531","2001","TX","34","12","7/11/2001","19/11/2001","Fall SEAMAP Groundfish Survey","0",,
"532","2001","TX","40","12","7/11/2001","18/11/2001","Fall SEAMAP Groundfish Survey","0",,
"533","2001","TX","69","12","7/11/2001","26/11/2001","Fall SEAMAP Groundfish Survey","0",,
"534","2001","TX","31","12","8/11/2001","19/11/2001","Fall SEAMAP Groundfish Survey","0",,
"535","2001","TX","67","12","12/11/2001","19/11/2001","Fall SEAMAP Groundfish Survey","0",,
"536","2001","MS","17","15","4/12/2001","5/12/2001","Winter SEAMAP Trawl Survey","0",,
"537","2001","LA","35","13","10/12/2001","13/12/2001","Winter SEAMAP Trawl Survey","0",,
"538","2002","US","55","21","15/2/2002","8/3/2002","Reef Fish Video Survey","0",,
"539","2002","US","04","249","5/4/2002","30/5/2002","Reef Fish Survey","0",,
"540","2002","US","63","22","18/4/2002","28/5/2002","Spring SEAMAP Plankton Survey","0",,
"541","2002","MS","17","21","16/5/2002","17/5/2002","Spring SEAMAP Trawl Survey","0",,
"542","2002","TX","32","22","3/6/2002","17/6/2002","Summer SEAMAP Groundfish Survey","0",,
"543","2002","TX","31","22","3/6/2002","18/6/2002","Summer SEAMAP Groundfish Survey","0",,
"544","2002","AL","23","21","3/6/2002","26/6/2002","Summer SEAMAP Groundfish Survey","0",,
"545","2002","TX","33","22","5/6/2002","18/6/2002","Summer SEAMAP Groundfish Survey","0",,
"546","2002","TX","69","22","5/6/2002","26/6/2002","Summer SEAMAP Groundfish Survey","0",,
"547","2002","MS","17","22","7/6/2002","5/7/2002","Summer SEAMAP Groundfish Survey","0",,
"548","2002","TX","67","22","12/6/2002","17/6/2002","Summer SEAMAP Groundfish Survey","0",,
"549","2002","US","04","250","12/6/2002","17/7/2002","Summer SEAMAP Groundfish Survey","0",,
"550","2002","LA","35","21","9/7/2002","12/7/2002","Summer SEAMAP Groundfish Survey","0",,
"551","2002","US","63","25","30/8/2002","20/9/2002","Fall SEAMAP Plankton Survey","0",,
"552","2002","LA","35","22","16/9/2002","19/9/2002","Fall SEAMAP Groundfish Survey","0",,
"553","2002","AL","23","22","17/9/2002","17/9/2002","Fall SEAMAP Plankton Survey","0",,
"554","2002","MS","17","23","10/10/2002","11/10/2002","Fall SEAMAP Plankton Survey","0",,
"555","2002","AL","66","24","11/10/2002","31/1/2003","SEAMAP Trap Video Survey","0",,
"556","2002","US","04","252","12/10/2002","17/11/2002","Fall SEAMAP Groundfish Survey","0",,
"557","2002","MS","17","24","18/10/2002","20/10/2002","Fall SEAMAP Groundfish Survey","0",,
"558","2002","AL","23","23","22/10/2002","22/10/2002","Fall SEAMAP Groundfish Survey","0",,
"559","2002","TX","67","23","5/11/2002","17/11/2002","Fall SEAMAP Groundfish Survey","0",,
"560","2002","TX","69","23","6/11/2002","6/11/2002","Fall SEAMAP Groundfish Survey","0",,
"561","2002","TX","32","23","7/11/2002","21/11/2002","Fall SEAMAP Groundfish Survey","0",,
"562","2002","TX","33","23","8/11/2002","19/11/2002","Fall SEAMAP Groundfish Survey","0",,
"563","2002","TX","65","23","19/11/2002","19/11/2002","Fall SEAMAP Groundfish Survey","0",,
"564","2002","LA","17","25","2/12/2002","4/12/2002","Winter SEAMAP Trawl Survey","0",,
"565","2003","US","04","253","13/5/2003","31/5/2003","Spring SEAMAP Plankton Survey","0",,
"566","2003","MS","17","31","13/5/2003","16/5/2003","Spring SEAMAP Plankton Survey","0",,
"567","2003","TX","67","32","2/6/2003","16/6/2003","Summer SEAMAP Groundfish Survey","0",,
"568","2003","TX","32","32","2/6/2003","16/6/2003","Summer SEAMAP Groundfish Survey","0",,
"569","2003","TX","31","32","2/6/2003","17/6/2003","Summer SEAMAP Groundfish Survey","0",,
"570","2003","TX","69","32","3/6/2003","24/6/2003","Summer SEAMAP Groundfish Survey","0",,
"571","2003","TX","33","32","4/6/2003","18/6/2003","Summer SEAMAP Groundfish Survey","0",,
"572","2003","AL","23","31","10/6/2003","2/7/2003","Summer SEAMAP Groundfish Survey","0",,
"573","2003","US","04","254","11/6/2003","17/7/2003","Summer SEAMAP Groundfish Survey","0",,
"574","2003","MS","17","32","3/7/2003","6/7/2003","Summer SEAMAP Groundfish Survey","0",,
"575","2003","LA","35","31","8/7/2003","11/7/2003","Summer SEAMAP Groundfish Survey","0",,
"576","2003","US","55","37","24/7/2003","28/7/2003","Summer SEAMAP Groundfish Survey","0",,
"577","2003","US","63","33","29/8/2003","28/9/2003","Fall SEAMAP Plankton Survey","0",,
"578","2003","AL","23","32","9/9/2003","9/9/2003","Fall SEAMAP Plankton Survey","0",,
"579","2003","LA","35","32","29/9/2003","1/10/2003","Fall SEAMAP Groundfish Survey","0",,
"580","2003","MS","17","33","9/10/2003","14/10/2003","Fall SEAMAP Groundfish Survey","0",,
"581","2003","US","04","256","11/10/2003","18/11/2003","Fall SEAMAP Groundfish Survey","0",,
"582","2003","AL","23","33","21/10/2003","11/11/2003","Fall SEAMAP Groundfish Survey","0",,
"583","2003","TX","31","33","3/11/2003","25/11/2003","Fall SEAMAP Groundfish Survey","0",,
"584","2003","TX","32","33","4/11/2003","20/11/2003","Fall SEAMAP Groundfish Survey","0",,
"585","2003","TX","40","33","4/11/2003","20/11/2003","Fall SEAMAP Groundfish Survey","0",,
"586","2003","TX","67","33","5/11/2003","20/11/2003","Fall SEAMAP Groundfish Survey","0",,
"587","2003","TX","69","33","10/11/2003","19/11/2003","Fall SEAMAP Groundfish Survey","0",,
"588","2003","LA","35","33","16/12/2003","19/12/2003","Winter SEAMAP Trawl Survey","0",,
"589","2004","MS","17","41","14/1/2004","15/1/2004","Winter SEAMAP Plankton Survey","0",,
"590","2004","US","63","42","15/4/2004","10/6/2004","Spring SEAMAP Plankton Survey","0",,
"591","2004","US","04","258","13/5/2004","30/5/2004","Spring SEAMAP Plankton Survey","0",,
"592","2004","TX","31","42","2/6/2004","16/6/2004","Summer SEAMAP Groundfish Survey","0",,
"593","2004","TX","69","42","2/6/2004","29/6/2004","Summer SEAMAP Groundfish Survey","0",,
"594","2004","AL","23","41","3/6/2004","3/6/2004","Summer SEAMAP Groundfish Survey","0",,
"595","2004","TX","32","42","4/6/2004","16/6/2004","Summer SEAMAP Groundfish Survey","0",,
"596","2004","TX","40","42","4/6/2004","21/6/2004","Summer SEAMAP Groundfish Survey","0",,
"597","2004","US","04","259","9/6/2004","16/7/2004","Summer SEAMAP Groundfish Survey","0",,
"598","2004","MS","17","43","11/6/2004","12/7/2004","Summer SEAMAP Groundfish Survey","0",,
"599","2004","TX","67","42","14/6/2004","21/6/2004","Summer SEAMAP Groundfish Survey","0",,
"600","2004","LA","35","41","12/7/2004","15/7/2004","Summer SEAMAP Groundfish Survey","0",,
"601","2004","US","63","44","3/9/2004","29/9/2004","Fall SEAMAP Plankton Survey","0",,
"602","2004","LA","17","44","25/9/2004","25/9/2004","Fall SEAMAP Plankton Survey","0",,
"603","2004","US","04","261","15/10/2004","18/11/2004","Fall SEAMAP Groundfish Survey","0",,
"604","2004","MS","17","45","16/10/2004","19/10/2004","Fall SEAMAP Groundfish Survey","0",,
"605","2004","LA","35","42","18/10/2004","21/10/2004","Fall SEAMAP Groundfish Survey","0",,
"606","2004","AL","23","42","21/10/2004","21/10/2004","Fall SEAMAP Groundfish Survey","0",,
"607","2004","TX","69","43","3/11/2004","29/11/2004","Fall SEAMAP Groundfish Survey","0",,
"608","2004","TX","32","43","4/11/2004","22/11/2004","Fall SEAMAP Groundfish Survey","0",,
"609","2004","TX","67","43","4/11/2004","18/11/2004","Fall SEAMAP Groundfish Survey","0",,
"610","2004","TX","40","43","7/11/2004","12/12/2004","Fall SEAMAP Groundfish Survey","0",,
"611","2004","TX","31","43","10/11/2004","26/11/2004","Fall SEAMAP Groundfish Survey","0",,
"612","2004","LA","35","43","6/12/2004","9/12/2004","Winter SEAMAP Trawl Survey","0",,
"613","2005","MS","17","51","11/5/2005","13/5/2005","Spring SEAMAP Plankton Survey","0",,
"614","2005","TX","40","52","1/6/2005","16/6/2005","Summer SEAMAP Groundfish Survey","0",,
"615","2005","AL","23","51","2/6/2005","7/6/2005","Summer SEAMAP Groundfish Survey","0",,
"616","2005","TX","32","52","2/6/2005","23/6/2005","Summer SEAMAP Groundfish Survey","0",,
"617","2005","TX","69","52","7/6/2005","7/6/2005","Summer SEAMAP Groundfish Survey","0",,
"618","2005","TX","31","52","13/6/2005","16/6/2005","Summer SEAMAP Groundfish Survey","0",,
"619","2005","US","04","265","15/6/2005","1/8/2005","Summer SEAMAP Groundfish Survey","0",,
"620","2005","MS","17","52","24/6/2005","4/7/2005","Summer SEAMAP Groundfish Survey","0",,
"621","2005","TX","65","52","28/6/2005","28/6/2005","Summer SEAMAP Groundfish Survey","0",,
"622","2005","TX","67","52","5/7/2005","5/7/2005","Summer SEAMAP Groundfish Survey","0",,
"623","2005","LA","35","51","7/7/2005","9/7/2005","Summer SEAMAP Groundfish Survey","0",,
"625","2005","LA","35","52","10/10/2005","13/10/2005","Fall SEAMAP Groundfish Survey","0",,
"626","2005","US","63","55","11/10/2005","15/11/2005","Fall SEAMAP Groundfish Survey","0",,
"627","2006","LA","35","61","20/6/2006","23/6/2006","Summer SEAMAP Groundfish Survey","0",,
"628","2005","AL","23","52","19/10/2005","19/10/2005","Fall SEAMAP Groundfish Survey","0",,
"629","2005","TX","32","53","2/11/2005","21/11/2005","Fall SEAMAP Groundfish Survey","0",,
"630","2005","TX","67","53","2/11/2005","21/11/2005","Fall SEAMAP Groundfish Survey","0",,
"631","2005","TX","40","53","3/11/2005","20/11/2005","Fall SEAMAP Groundfish Survey","0",,
"632","2005","US","04","267","6/11/2005","16/11/2005","Fall SEAMAP Groundfish Survey","0",,
"633","2005","TX","31","53","9/11/2005","22/11/2005","Fall SEAMAP Groundfish Survey","0",,
"634","2005","TX","69","53","13/11/2005","29/11/2005","Fall SEAMAP Groundfish Survey","0",,
"635","2006","US","63","62","23/4/2006","29/5/2006","Spring SEAMAP Plankton Survey","0",,
"636","2006","AL","23","61","1/6/2006","15/6/2006","Summer SEAMAP Groundfish Survey","0",,
"637","2006","TX","65","62","3/6/2006","23/6/2006","Summer SEAMAP Groundfish Survey","0",,
"638","2006","TX","69","62","5/6/2006","27/6/2006","Summer SEAMAP Groundfish Survey","0",,
"639","2006","TX","40","62","5/6/2006","23/6/2006","Summer SEAMAP Groundfish Survey","0",,
"640","2006","TX","32","62","5/6/2006","26/6/2006","Summer SEAMAP Groundfish Survey","0",,
"641","2006","TX","67","62","5/6/2006","26/6/2006","Summer SEAMAP Groundfish Survey","0",,
"642","2006","MS","17","61","6/6/2006","5/7/2006","Summer SEAMAP Groundfish Survey","0",,
"644","2006","US","63","64","31/8/2006","27/9/2006","Fall SEAMAP Plankton Survey","0",,
"645","2006","AL","23","62","5/9/2006","5/9/2006","Fall SEAMAP Plankton Survey","0",,
"649","2006","AL","23","63","25/10/2006","9/11/2006","Fall SEAMAP Groundfish Survey","0",,
"650","2006","TX","40","63","1/11/2006","17/11/2006","Fall SEAMAP Groundfish Survey","0",,
"651","2006","TX","65","63","1/11/2006","17/11/2006","Fall SEAMAP Groundfish Survey","0",,
"652","2006","TX","32","63","1/11/2006","20/11/2006","Fall SEAMAP Groundfish Survey","0",,
"653","2006","TX","69","63","1/11/2006","27/11/2006","Fall SEAMAP Groundfish Survey","0",,
"654","2006","LA","35","62","12/12/2006","15/12/2006","Winter SEAMAP Trawl Survey","0",,
"655","2007","US","63","72","18/3/2007","28/3/2007","Spring SEAMAP Plankton Survey","0",,
"656","2007","US","63","73","17/4/2007","29/5/2007","Spring SEAMAP Plankton Survey","0",,
"657","2007","AL","23","71","4/6/2007","27/6/2007","Summer SEAMAP Groundfish Survey","0",,
"658","2007","MS","17","71","5/6/2007","9/6/2007","Spring SEAMAP Plankton Survey","0",,
"661","2007","LA","35","71","26/6/2007","29/6/2007","Summer SEAMAP Groundfish Survey","0",,
"662","2007","US","63","75","29/8/2007","28/9/2007","Fall SEAMAP Plankton Survey","0",,
"663","2007","MS","17","73","28/9/2007","29/9/2007","SEAMAP Fall Plankton Survey","0",,
"664","2007","LA","35","72","8/10/2007","11/10/2007","Fall SEAMAP Groundfish Survey","0",,
"667","2007","LA","35","73","4/12/2007","7/12/2007","Winter SEAMAP Trawl Survey","0",,
"668","2008","LA","35","81","1/4/2008","4/4/2008","Spring SEAMAP Trawl Survey","0",,
"669","2008","LA","35","82","23/6/2008","26/6/2008","Summer SEAMAP Groundfish Survey","0",,
"670","2008","LA","35","84","23/9/2008","26/9/2008","Fall SEAMAP Groundfish Survey","0",,
"673","2007","TX","32","72","4/6/2007","20/6/2007","Summer SEAMAP Groundfish Survey","0",,
"674","2007","TX","32","73","1/11/2007","19/11/2007","Fall SEAMAP Groundfish Survey","0",,
"675","2007","TX","40","72","5/6/2007","21/6/2007","Summer SEAMAP Groundfish Survey","0",,
"676","2007","TX","67","72","4/6/2007","21/6/2007","Summer SEAMAP Groundfish Survey","0",,
"677","2007","TX","31","72","5/6/2007","23/6/2007","Summer SEAMAP Groundfish Survey","0",,
"678","2007","TX","69","72","5/6/2007","21/6/2007","Summer SEAMAP Groundfish Survey","0",,
"679","2007","TX","40","73","1/11/2007","28/11/2007","Fall SEAMAP Groundfish Survey","0",,
"680","2007","TX","67","73","1/11/2007","19/11/2007","Fall SEAMAP Groundfish Survey","0",,
"681","2007","TX","31","73","2/11/2007","19/11/2007","Fall SEAMAP Groundfish Survey","0",,
"682","2007","TX","69","73","8/11/2007","27/11/2007","Fall SEAMAP Groundfish Survey","0",,
"703","2008","AL","23","81","2/6/2008","16/6/2008","Summer SEAMAP Groundfish Survey","0",,
"704","2008","AL","23","82","17/9/2008","17/9/2008","Fall SEAMAP Plankton Survey","0",,
"705","2008","AL","23","83","7/11/2008","17/11/2008","Fall SEAMAP Groundfish Survey","0",,
"707","2007","AL","23","72","12/9/2007","12/9/2007","Fall SEAMAP Plankton Survey","0",,
"708","2007","AL","23","73","9/10/2007","6/11/2007","Fall SEAMAP Groundfish Survey","0",,
"709","2008","MS","17","81","20/5/2008","21/5/2008","Spring SEAMAP Plankton Survey","0",,
"710","2008","MS","17","84","27/9/2008","29/9/2008","Fall SEAMAP Plankton Survey","0",,
"711","2008","MS","17","87","19/11/2008","19/11/2008","Fall SEAMAP Groundfish Survey","0",,
"712","2008","US","63","82","20/4/2008","30/5/2008","Spring SEAMAP Plankton Survey","0",,
"713","2003","US","72","31","22/10/2003","23/11/2003","SEAMAP Trap Video Survey","0",,
"714","2009","LA","35","91","26/1/2009","29/1/2009","Winter SEAMAP Groundfish Survey","0",,
"715","2009","MS","17","91","3/3/2009","5/3/2009","Winter SEAMAP Plankton Survey","0",,
"717","2009","AL","23","91","21/1/2009","21/1/2009","Winter SEAMAP Groundfish Survey","0",,
"718","2008","TX","32","82","2/6/2008","16/6/2008","Summer SEAMAP Groundfish Survey","0",,
"719","2008","TX","32","83","3/11/2008","20/11/2008","Fall SEAMAP Groundfish Survey","0",,
"720","2008","TX","40","82","11/6/2008","17/6/2008","Summer SEAMAP Groundfish Survey","0",,
"721","2008","TX","67","82","9/6/2008","16/6/2008","Summer SEAMAP Groundfish Survey","0",,
"722","2008","TX","31","82","11/6/2008","23/6/2008","Summer SEAMAP Groundfish Survey","0",,
"723","2008","TX","69","82","2/6/2008","24/6/2008","Summer SEAMAP Groundfish Survey","0",,
"724","2008","TX","40","83","13/11/2008","17/11/2008","Fall SEAMAP Groundfish Survey","0",,
"725","2008","TX","67","83","8/11/2008","17/11/2008","Fall SEAMAP Groundfish Survey","0",,
"726","2008","TX","31","83","3/11/2008","18/11/2008","Fall SEAMAP Groundfish Survey","0",,
"727","2008","TX","69","83","8/11/2008","19/11/2008","Fall SEAMAP Groundfish Survey","0",,
"728","2004","US","55","41","22/2/2004","14/3/2004","SEAMAP Trap Video Survey","0",,
"729","2009","LA","35","92","15/3/2009","18/3/2009","Spring SEAMAP Groundfish Survey","0",,
"730","2009","AL","23","92","8/6/2009","11/6/2009","Summer SEAMAP Groundfish Survey","0",,
"733","2005","US","72","52","23/5/2005","29/7/2005","SEAMAP Trap Video Survey","0",,
"734","2005","US","04","264","20/4/2005","11/5/2005","SEAMAP Trap Video Survey","0",,
"735","2005","US","55","53","16/2/2005","25/3/2005","SEAMAP Trap Video Survey","0",,
"736","2009","LA","35","93","16/6/2009","19/6/2009","Summer SEAMAP Groundfish Survey","0",,
"737","2009","TX","69","91","12/2/2009","23/2/2009","Winter SEAMAP Groundfish Survey","0",,
"738","2009","TX","67","91","3/2/2009","23/2/2009","Winter SEAMAP Groundfish Survey","0",,
"739","2009","TX","40","91","3/2/2009","24/2/2009","Winter SEAMAP Groundfish Survey","0",,
"740","2009","TX","32","91","3/2/2009","23/2/2009","Winter SEAMAP Groundfish Survey","0",,
"741","2009","TX","31","91","12/2/2009","23/2/2009","Winter SEAMAP Groundfish Survey","0",,
"742","2006","US","04","270","16/4/2006","9/5/2006","Reef Fish Survey","0",,
"743","2006","US","72","63","25/5/2006","7/7/2006","Reef Fish Survey","0",,
"744","2006","US","72","65","27/7/2006","11/8/2006","Reef Fish Survey","0",,
"746","2007","US","04","275","22/4/2007","30/5/2007","SEAMAP Trap Video Survey","0",,
"747","2007","US","55","72","6/2/2007","9/3/2007","SEAMAP Trap Video Survey","0",,
"749","2009","LA","35","94","22/9/2009","25/9/2009","Fall SEAMAP Groundfish Survey","0",,
"750","2009","AL","23","94","28/10/2009","28/10/2009","Fall SEAMAP Groundfish Survey","0",,
"752","2009","TX","31","92","3/6/2009","24/6/2009","Summer SEAMAP Groundfish Survey","0",,
"753","2009","TX","32","92","3/6/2009","24/6/2009","Summer SEAMAP Groundfish Survey","0",,
"754","2009","TX","40","92","1/6/2009","23/6/2009","Summer SEAMAP Groundfish Survey","0",,
"755","2009","TX","67","92","1/6/2009","24/6/2009","Summer SEAMAP Groundfish Survey","0",,
"756","2009","TX","69","92","15/6/2009","23/6/2009","Summer SEAMAP Groundfish Survey","0",,
"757","2009","TX","31","93","2/11/2009","18/11/2009","Fall SEAMAP Groundfish Survey","0",,
"758","2009","TX","32","93","2/11/2009","18/11/2009","Fall SEAMAP Groundfish Survey","0",,
"759","2009","TX","40","93","2/11/2009","18/11/2009","Fall SEAMAP Groundfish Survey","0",,
"760","2009","TX","67","93","2/11/2009","17/11/2009","Fall SEAMAP Groundfish Survey","0",,
"761","2009","TX","69","93","4/11/2009","17/11/2009","Fall SEAMAP Groundfish Survey","0",,
"766","2009","US","63","94","26/8/2009","28/9/2009","Fall SEAMAP Plankton Survey","0",,
"767","2009","US","63","91","5/2/2009","14/3/2009","Winter SEAMAP Plankton Survey","0",,
"771","2009","US","63","92","3/4/2009","1/6/2009","Spring SEAMAP Plankton Survey","0",,
"782","2010","LA","35","101","25/2/2010","28/2/2010","Winter SEAMAP Groundfish Survey","0",,
"784","2008","US","55","81","2/2/2008","12/3/2008","Reef Fish Survey","0",,
"785","2008","US","72","82","12/6/2008","10/8/2008","Reef Fish Survey","0",,
"786","2008","US","63","84","5/9/2008","30/9/2008","Fall SEAMAP Plankton Survey","0",,
"788","2010","TX","31","101","14/2/2010","17/2/2010","Winter SEAMAP Groundfish Survey","0",,
"789","2010","TX","32","101","5/2/2010","16/2/2010","Winter SEAMAP Groundfish Survey","0",,
"790","2010","TX","40","101","1/2/2010","17/2/2010","Winter SEAMAP Groundfish Survey","0",,
"791","2010","TX","67","101","5/2/2010","16/2/2010","Winter SEAMAP Groundfish Survey","0",,
"792","2010","TX","69","101","1/2/2010","17/2/2010","Winter SEAMAP Groundfish Survey","0",,
"793","2010","TX","31","102","7/6/2010","21/6/2010","Summer SEAMAP Groundfish Survey","0",,
"794","2010","TX","32","102","1/6/2010","16/6/2010","Summer SEAMAP Groundfish Survey","0",,
"795","2010","TX","40","102","2/6/2010","17/6/2010","Summer SEAMAP Groundfish Survey","0",,
"796","2010","TX","67","102","1/6/2010","21/6/2010","Summer SEAMAP Groundfish Survey","0",,
"797","2010","TX","69","102","3/6/2010","21/6/2010","Summer SEAMAP Groundfish Survey","0",,
"799","2010","LA","35","102","16/4/2010","19/4/2010","Spring SEAMAP Groundfish Survey","0",,
"800","2010","LA","35","103","8/6/2010","11/6/2010","Summer SEAMAP Groundfish Survey","0",,
"801","2010","LA","35","104","22/9/2010","24/9/2010","Fall SEAMAP Groundfish Survey","0",,
"802","2009","MS","17","95","16/9/2009","17/9/2009","Fall SEAMAP Plankton Survey","0",,
"804","2011","TX","31","111","12/2/2011","23/2/2011","Winter SEAMAP Groundfish Survey","0",,
"805","2011","TX","32","111","8/2/2011","17/2/2011","Winter SEAMAP Groundfish Survey","0",,
"806","2011","TX","40","111","11/2/2011","19/2/2011","Winter SEAMAP Groundfish Survey","0",,
"807","2011","TX","67","111","8/2/2011","16/2/2011","Winter SEAMAP Groundfish Survey","1",,
"808","2011","TX","69","111","12/2/2011","23/2/2011","Winter SEAMAP Groundfish Survey","1",,
"809","2009","US","72","95","11/6/2009","1/8/2009","Reef Fish Survey","0",,
"820","2011","TX","31","112","1/6/2011","28/6/2011","Summer SEAMAP Groundfish Survey","3",,
"821","2011","TX","32","112","1/6/2011","27/6/2011","Summer SEAMAP Groundfish Survey","3",,
"822","2011","TX","40","112","2/6/2011","29/6/2011","Summer SEAMAP Groundfish Survey","3",,
"823","2011","TX","67","112","7/6/2011","23/6/2011","Summer SEAMAP Groundfish Survey","3",,
"824","2011","TX","69","112","1/6/2011","23/6/2011","Summer SEAMAP Groundfish Survey","3",,
"825","2011","TX","31","113","5/11/2011","29/11/2011","Fall SEAMAP Groundfish Survey","3",,
"826","2011","TX","32","113","1/11/2011","16/11/2011","Fall SEAMAP Groundfish Survey","3",,
"827","2011","TX","40","113","11/11/2011","16/11/2011","Fall SEAMAP Groundfish Survey","3",,
"828","2011","TX","67","113","1/11/2011","16/11/2011","Fall SEAMAP Groundfish Survey","3",,
"829","2011","TX","69","113","1/11/2011","16/11/2011","Fall SEAMAP Groundfish Survey","3",,
"830","2010","US","76","103","17/6/2010","11/7/2010","SEAMAP Reef Fish Survey","0",,
"831","2010","US","72","101","17/3/2010","2/4/2010","SEAMAP Reef Fish Survey","0",,
"832","2010","US","72","103","14/5/2010","3/6/2010","SEAMAP Reef Fish Survey","0",,
"833","2010","US","72","105","20/8/2010","5/9/2010","SEAMAP Reef Fish Survey","0",,
"834","2010","US","63","101","7/4/2010","22/5/2010","Spring SEAMAP Plankton Survey","0",,
"835","2010","US","63","104","25/8/2010","28/9/2010","Fall SEAMAP Plankton Survey","0",,
"839","2010","TX","31","103","8/11/2010","19/11/2010","Fall SEAMAP Groundfish Survey",,,
"840","2010","TX","32","103","1/11/2010","19/11/2010","Fall SEAMAP Groundfish Survey",,,
"841","2010","TX","40","103","9/11/2010","18/11/2010","Fall SEAMAP Groundfish Survey",,,
"842","2010","TX","67","103","1/11/2010","17/11/2010","Fall SEAMAP Groundfish Survey",,,
"843","2010","TX","69","103","8/11/2010","17/11/2010","Fall SEAMAP Groundfish Survey",,,
"847","2012","TX","31","122","7/6/2012","6/7/2012","Summer SEAMAP Groundfish Survey",,,
"848","2012","TX","32","122","5/6/2012","3/7/2012","Summer SEAMAP Groundfish Survey",,,
"850","2012","TX","69","122","7/6/2012","3/7/2012","Summer SEAMAP Groundfish Survey",,,
"851","2012","TX","87","122","5/6/2012","12/7/2012","Summer SEAMAP Groundfish Survey",,,
"852","2012","TX","31","123","2/11/2012","20/11/2012","Fall SEAMAP Groundfish Survey",,,
"853","2012","TX","32","123","1/11/2012","19/11/2012","Fall SEAMAP Groundfish Survey",,,
"854","2012","TX","40","123","1/11/2012","18/11/2012","Fall SEAMAP Groundfish Survey",,,
"855","2012","TX","69","123","7/11/2012","19/11/2012","Fall SEAMAP Groundfish Survey",,,
"856","2012","TX","87","123","1/11/2012","26/11/2012","Fall SEAMAP Groundfish Survey",,,
"860","2012","MS","17","1205","3/10/2012","4/10/2012","Fall SEAMAP Groundfish Survey","0","sdes54-September 2011","SDES IMPORT v3.2 "
"861","2011","MS","17","1105","21/10/2011","25/10/2011","Fall SEAMAP Groundfish Survey","0","sdes53-Feburary 2010","SDES IMPORT v3.2 "
"862","2008","US","04","0281","13/4/2008","21/5/2008","Reef Fish Survey","0",,
"863","2008","US","04","0280","7/2/2008","15/3/2008","Winter SEAMAP Plankton Survey","0",,
"864","2005","US","72","0504","18/10/2005","27/10/2005","SEAMAP Trap Video Survey","0",,
"865","2013","FL","17","1302","8/6/2013","25/6/2013","Summer SEAMAP Groundfish Survey","1","sdes54-September 2011","SDES IMPORT v3.2 "
"866","2011","MS","17","1104","9/9/2011","10/9/2011","Fall SEAMAP Plankton Survey","0","sdes53-Feburary 2010","SDES IMPORT v3.2 "
"867","2012","MS","17","1201","4/5/2012","16/5/2012","Spring SEAMAP Plankton Survey","0","sdes54-September 2011","SDES IMPORT v3.2 "
"868","2012","MS","17","1204","11/9/2012","21/9/2012","Fall SEAMAP Plankton Survey","0","sdes54-September 2011","SDES IMPORT v3.2 "
"869","2012","AL","77","1203","9/10/2012","10/10/2012","Fall SEAMAP Groundfish Survey","0","sdes54-September 2011","SDES IMPORT v3.2 "
"870","2012","AL","77","1201","29/6/2012","30/6/2012","Summer SEAMAP Groundfish Survey","0","sdes54-September 2011","SDES IMPORT v3.2 "
"871","2012","FL","17","1203","7/6/2012","4/7/2012","Summer SEAMAP Groundfish Survey","1","sdes54-September 2011","SDES IMPORT v3.2 "
"872","2012","MS","17","1202","29/5/2012","31/5/2012","Summer SEAMAP Groundfish Survey","0","sdes54-September 2011","SDES IMPORT v3.2 "
"873","2011","AL","77","1104","1/11/2011","12/11/2011","Fall SEAMAP Groundfish Survey","0","sdes53-Feburary 2010","SDES IMPORT v3.2 "
"874","2011","US","04","0297","10/10/2011","6/11/2011","Fall SEAMAP Groundfish Survey","1","sdes54-September 2011","SDES IMPORT v3.21 "
"875","2011","US","04","0294","8/4/2011","25/4/2011","SEAMAP Reef Fish Survey","0",,
"876","2011","US","72","1101","9/5/2011","11/7/2011","SEAMAP Reef Fish Survey","0",,
"877","2013","AL","77","1301","3/7/2013","12/7/2013","Summer SEAMAP Groundfish Survey","0","sdes54-September 2011","SDES IMPORT v3.2 "
"878","2013","LA","88","1301","6/5/2013","9/5/2013","Spring SEAMAP Plankton Survey",,"LA-DMS V1.0(2_27_2014_1301)","GSMFC-LA import 1.1"
"879","2012","LA","88","1201","8/5/2012","11/5/2012","Spring SEAMAP Plankton Survey",,"LA-DMS V1.0(2_21_2014_121)","GSMFC-LA import 1.1"
"881","2012","LA","88","1203","10/9/2012","12/9/2012","Fall SEAMAP Plankton Survey",,"LA-DMS V1.0(2_22_2014_123)","GSMFC-LA import 1.1"
"888","2013","MS","17","1303","12/7/2013","14/7/2013","Summer SEAMAP Groundfish Survey","0","sdes54-September 2011","SDES IMPORT v3.2 "
"889","2013","MS","17","1301","21/5/2013","22/5/2013","Spring SEAMAP Plankton Survey","0","sdes54-September 2011","SDES IMPORT v3.2 "
"890","2013","MS","17","1304","5/9/2013","6/9/2013","Fall SEAMAP Plankton Survey","0","sdes54-September 2011","SDES IMPORT v3.2 "
"897","2009","AL","23","0903","2/9/2009","2/9/2009","Fall SEAMAP Plankton Survey","4",,
"898","2010","AL","77","1003","2/9/2010","2/9/2010","Fall SEAMAP Plankton Survey","4",,
"899","2011","AL","77","1103","20/9/2011","20/9/2011","Fall SEAMAP Plankton Survey","0",,
"900","2012","AL","77","1202","4/9/2012","4/9/2012","Fall SEAMAP Plankton Survey","0",,
"901","2012","US","04","0299","7/6/2012","15/7/2012","Summer SEAMAP Groundfish Survey","1","sdes54-September 2011","SDES IMPORT v3.21 "
"903","2013","AL","77","1303","22/11/2013","22/11/2013","Fall SEAMAP Groundfish Survey","0",,
"906","2013","FL","17","1305","9/10/2013","19/10/2013","Fall SEAMAP Groundfish Survey","1","sdes54-September 2011","SDES IMPORT v3.2 "
"913","2012","US","04","0301","11/10/2012","17/11/2012","Fall SEAMAP Groundfish Survey","1","sdes54-September 2011","SDES IMPORT v3.21 "
"914","2013","US","04","0304","9/6/2013","18/7/2013","Summer SEAMAP Groundfish Survey","1","sdes54-September 2011","SDES IMPORT v3.21 "
"919","2013","LA","88","1303","13/9/2013","14/9/2013","Fall SEAMAP Plankton Survey",,"LA-DMS V1.0(Cruise_1303)","GSMFC-LA import 1.2"
"921","2011","FL","17","1103","8/6/2011","31/7/2011","Summer SEAMAP Groundfish Survey","1","sdes53-Feburary 2010","SDES IMPORT v3.2 "
"922","2013","MS","17","1306","11/11/2013","12/11/2013","Fall SEAMAP Groundfish Survey","0","sdes54-September 2011","SDES IMPORT v3.2 "
"923","2013","TX","32","1303","10/11/2013","18/11/2013","Fall SEAMAP Groundfish Survey",,"TX ACCESS FMT","TX/INGEST V1.1"
"924","2013","TX","67","1303","11/11/2013","18/11/2013","Fall SEAMAP Groundfish Survey",,"TX ACCESS FMT","TX/INGEST V1.1"
"925","2013","TX","69","1303","11/11/2013","17/11/2013","Fall SEAMAP Groundfish Survey",,"TX ACCESS FMT","TX/INGEST V1.1"
"926","2013","TX","87","1303","4/11/2013","18/11/2013","Fall SEAMAP Groundfish Survey",,"TX ACCESS FMT","TX/INGEST V1.1"
"927","2013","TX","90","1303","11/11/2013","21/11/2013","Fall SEAMAP Groundfish Survey",,"TX ACCESS FMT","TX/INGEST V1.1"
"929","2013","LA","88","1302","8/7/2013","12/7/2013","Summer SEAMAP Groundfish Survey",,"LA-DMS V1.0(Cruise_1302)","GSMFC-LA import 1.1"
"930","2011","LA","35","1101","20/6/2011","23/6/2011","Summer SEAMAP Groundfish Survey",,"LA-DMS V1.0(Cruise_111)","GSMFC-LA import 1.1"
"931","2011","LA","35","1102","3/10/2011","6/10/2011","Fall SEAMAP Groundfish Survey",,"LA-DMS V1.0(Cruise_112)","GSMFC-LA import 1.1"
"932","2012","LA","35","1202","5/6/2012","8/6/2012","Summer SEAMAP Groundfish Survey",,"LA-DMS V1.0(Cruise_122)","GSMFC-LA import 1.1"
"933","2012","LA","35","1204","30/10/2012","2/11/2012","Fall SEAMAP Groundfish Survey",,"LA-DMS V1.0(Cruise_1204)","GSMFC-LA import 1.1"
"934","2013","LA","88","1304","28/10/2013","18/11/2013","Fall SEAMAP Groundfish Survey",,"LA-DMS V1.0(Cruise_1304)","GSMFC-LA import 1.1"
"935","2011","MS","17","1102","3/6/2011","5/6/2011","Summer SEAMAP Groundfish Survey","0","sdes53-Feburary 2010","SDES IMPORT v3.2 "
"936","2014","LA","88","1401","1/5/2014","9/5/2014","Spring SEAMAP Plankton Survey",,"LA-DMS V1.0(Cruise_1401)","GSMFC-LA import 1.1"
"937","2011","US","04","0295","7/6/2011","17/7/2011","Summer SEAMAP Groundfish Survey","1","sdes53-Feburary 2010","SDES IMPORT v3.21 "
"938","2011","AL","77","1101","15/2/2011","15/2/2011","Winter SEAMAP Groundfish Survey","0","sdes47-08/2008","SDES IMPORT v3.2 "
"939","2010","AL","77","1004","17/10/2010","18/10/2010","Fall SEAMAP Groundfish Survey","0","sdes47-08/2008","SDES IMPORT v3.2 "
"940","2010","FL","17","1007","14/10/2010","22/10/2010","Fall SEAMAP Groundfish Survey","1","sdes53-Feburary 2010","SDES IMPORT v3.2 "
"941","2010","US","04","0292","9/10/2010","18/11/2010","Fall SEAMAP Groundfish Survey","1","sdes53-Feburary 2010","SDES IMPORT v3.21 "
"942","2010","US","04","0290","26/6/2010","2/8/2010","Summer SEAMAP Groundfish Survey","1","sdes53-Feburary 2010","SDES IMPORT v3.21 "
"943","2010","AL","77","1002","2/6/2010","8/6/2010","Summer SEAMAP Groundfish Survey","0","sdes47-08/2008","SDES IMPORT v3.2 "
"944","2010","AL","77","1001","20/2/2010","20/2/2010","Winter SEAMAP Groundfish Survey","0","sdes47-08/2008","SDES IMPORT v3.2 "
"945","2009","US","04","0289","10/10/2009","20/11/2009","Fall SEAMAP Groundfish Survey","1","sdes51-July 2009","SDES IMPORT v3.21 "
"946","2009","MS","17","0906","2/10/2009","5/10/2009","Fall SEAMAP Groundfish Survey","0","sdes50-January 2009","SDES IMPORT v3.2 "
"947","2009","US","04","0287","8/6/2009","17/7/2009","Summer SEAMAP Groundfish Survey","1","sdes50-January 2009","SDES IMPORT v3.21 "
"948","2008","US","04","0284","10/10/2008","18/11/2008","Fall SEAMAP Groundfish Survey","1","sdes50 - January 2009","SDES IMPORT v3.21 "
"949","2008","US","04","0282","11/6/2008","16/7/2008","Summer SEAMAP Groundfish Survey","1","sdes28-08/2007","SDES IMPORT v3.21 "
"950","2008","MS","17","0802","31/5/2008","3/6/2008","Summer SEAMAP Groundfish Survey","0","sdes28-08/2007","SDES IMPORT v3.2 "
"951","2007","MS","17","0704","10/10/2007","13/10/2007","Fall SEAMAP Groundfish Survey","0","sdes44 -01/2008","SDES IMPORT v3.2 "
"952","2007","MS","17","0702","12/6/2007","8/7/2007","Summer SEAMAP Groundfish Survey","0","sdes44 -01/2008","SDES IMPORT v3.2 "
"953","2006","MS","17","0602","5/10/2006","8/10/2006","Fall SEAMAP Groundfish Survey","0","sdes23c-09/22/2006","SDES IMPORT v3.2 "
"954","2014","AL","77","1401","12/7/2014","12/7/2014","Summer SEAMAP Groundfish Survey","0","sdes54-September 2011","SDES IMPORT v3.2 "
"955","2014","FL","17","1402","8/6/2014","29/6/2014","Summer SEAMAP Groundfish Survey","1","sdes54-September 2011","SDES IMPORT v3.21 "
"956","2009","FL","17","0904","10/7/2009","30/7/2009","Summer SEAMAP Groundfish Survey","1","sdes50-January 2009","SDES IMPORT v3.2 "
"957","2009","MS","17","0903","2/6/2009","1/7/2009","Summer SEAMAP Groundfish Survey","0","sdes28-08/2007","SDES IMPORT v3.21 "
"958","2010","MS","17","1001","31/5/2010","26/8/2010","Summer SEAMAP Groundfish Survey","0","sdes53-Feburary 2010","SDES IMPORT v3.2 "
"959","2010","MS","17","1006","6/10/2010","8/10/2010","Fall SEAMAP Groundfish Survey","0","sdes53-Feburary 2010","SDES IMPORT v3.2 "
"960","2009","US","04","0286","15/4/2009","28/5/2009","Reef Fish Survey","0","sdes52 - August 2009","SDES IMPORT v2.0 "
"961","2012","US","55","1201","29/1/2012","17/3/2012","Reef Fish Survey","0","sdes53 - February 2010","SDES IMPORT v2.0 "
"962","2012","US","04","0298","29/1/2012","27/2/2012","Winter SEAMAP Plankton Survey","0","sdes54-September 2011","SDES IMPORT v3.2 "
"963","2013","US","04","0303","23/4/2013","29/5/2013","Spring SEAMAP Plankton Survey","0","sdes54-September 2011","SDES IMPORT v3.2 "
"964","2013","US","04","0302","1/2/2013","28/2/2013","Winter SEAMAP Plankton Survey","0","sdes54-September 2011","SDES IMPORT v3.2 "
"965","2012","US","63","1203","25/8/2012","28/9/2012","Fall SEAMAP Plankton Survey","0","sdes54-September 2011","SDES IMPORT v3.2 "
"966","2012","US","63","1201","29/3/2012","28/5/2012","Spring SEAMAP Plankton Survey","0","sdes54-September 2011","SDES IMPORT v3.2 "
"967","2013","US","76","1305","21/8/2013","28/9/2013","Fall SEAMAP Plankton Survey","0","sdes54-September 2011","SDES IMPORT v3.2 "
"968","2013","US","55","1301","2/2/2013","30/3/2013","SEAMAP Reef Fish","0","sdes53 - February 2010","SDES IMPORT v2.0 "
"969","2012","US","72","1201","30/6/2012","25/8/2012","SEAMAP Reef Fish","0","sdes53 - February 2010","SDES IMPORT v2.0 "
"971","2012","US","76","1201","6/4/2012","7/5/2012","SEAMAP Reef Fish","0","sdes53 - February 2010","SDES IMPORT v2.0 "
"972","2013","US","76","1302","7/4/2013","4/6/2013","SEAMAP Reef Fish","0","sdes53 - February 2010","SDES IMPORT v2.0 "
"973","2013","AL","77","132","6/9/2013","6/9/2013","Fall SEAMAP Plankton Survey","4",,
"974","2013","US","04","0306","28/10/2013","6/12/2013","Fall SEAMAP Groundfish Survey","1","sdes54-September 2011","SDES IMPORT v3.21 "
"975","2014","MS","17","1401","2/5/2014","6/5/2014","Spring SEAMAP Plankton Survey","0","sdes54-September 2011","SDES IMPORT v3.2 "
"976","2014","MS","17","1403","11/7/2014","13/7/2014","Summer SEAMAP Groundfish Survey","0","sdes54-September 2011","SDES IMPORT v3.2 "
"977","2014","MS","17","1404","3/9/2014","4/9/2014","Fall SEAMAP Plankton Survey","0","sdes54-September 2011","SDES IMPORT v3.2 "
"978","2014","MS","17","1405","1/10/2014","3/10/2014","Fall SEAMAP Groundfish Survey","0","sdes54-September 2011","SDES IMPORT v3.2 "
"979","2014","AL","77","1403","23/10/2014","23/10/2014","Fall SEAMAP Groundfish Survey","0","sdes54-September 2011","SDES IMPORT v3.2 "
"980","2014","LA","93","1402","3/9/2014","5/9/2014","Fall SEAMAP Plankton Survey",,"LA-DMS V1.0(Cruise_1402)","GSMFC-LA import 1.2"
"981","2014","LA","35","1403","6/10/2014","10/10/2014","Fall SEAMAP Groundfish Survey",,"LA-DMS V1.0(Cruise_1403)","GSMFC-LA import 1.1"
"982","2011","US","63","1103","26/8/2011","28/9/2011","Fall SEAMAP Plankton Survey","0","sdes53-Feburary 2010","SDES IMPORT v3.2 "
"983","2014","FL","17","1406","8/10/2014","30/10/2014","Fall SEAMAP Groundfish Survey","1","sdes54-September 2011","SDES IMPORT v3.21 "
"989","2014","TX","32","1403","9/11/2014","26/11/2014","Fall SEAMAP Groundfish Survey",,"TX ACCESS FMT","TX/INGEST V1.1"
"990","2014","TX","65","1403","9/11/2014","18/11/2014","Fall SEAMAP Groundfish Survey",,"TX ACCESS FMT","TX/INGEST V1.1"
"991","2014","TX","67","1403","10/11/2014","19/11/2014","Fall SEAMAP Groundfish Survey",,"TX ACCESS FMT","TX/INGEST V1.1"
"992","2014","TX","87","1403","15/11/2014","26/11/2014","Fall SEAMAP Groundfish Survey",,"TX ACCESS FMT","TX/INGEST V1.1"
"993","2014","TX","90","1403","8/11/2014","19/11/2014","Fall SEAMAP Groundfish Survey",,"TX ACCESS FMT","TX/INGEST V1.1"
"1006","2014","TX","32","1402","2/6/2014","23/6/2014","Summer SEAMAP Groundfish Survey",,"TX ACCESS FMT","TX/INGEST V1.2"
"1007","2014","TX","65","1402","3/6/2014","24/6/2014","Summer SEAMAP Groundfish Survey",,"TX ACCESS FMT","TX/INGEST V1.2"
"1008","2014","TX","67","1402","24/6/2014","24/6/2014","Summer SEAMAP Groundfish Survey",,"TX ACCESS FMT","TX/INGEST V1.2"
"1009","2014","TX","69","1402","11/6/2014","23/6/2014","Summer SEAMAP Groundfish Survey",,"TX ACCESS FMT","TX/INGEST V1.2"
"1010","2014","TX","90","1402","4/6/2014","21/6/2014","Summer SEAMAP Groundfish Survey",,"TX ACCESS FMT","TX/INGEST V1.2"
"1011","2014","TX","92","1402","11/6/2014","11/6/2014","Summer SEAMAP Groundfish Survey",,"TX ACCESS FMT","TX/INGEST V1.2"
"1012","2013","TX","31","1302","3/6/2013","22/6/2013","Summer SEAMAP Groundfish Survey",,"TX ACCESS FMT","TX/INGEST V1.2"
"1013","2013","TX","40","1302","3/6/2013","27/6/2013","Summer SEAMAP Groundfish Survey",,"TX ACCESS FMT","TX/INGEST V1.2"
"1014","2013","TX","67","1302","4/6/2013","26/6/2013","Summer SEAMAP Groundfish Survey",,"TX ACCESS FMT","TX/INGEST V1.2"
"1015","2013","TX","69","1302","5/6/2013","20/6/2013","Summer SEAMAP Groundfish Survey",,"TX ACCESS FMT","TX/INGEST V1.2"
"1016","2013","TX","87","1302","3/6/2013","17/6/2013","Summer SEAMAP Groundfish Survey",,"TX ACCESS FMT","TX/INGEST V1.2"
"1017","2015","AL","77","1501","29/6/2015","29/6/2015","Summer SEAMAP Groundfish Survey","1","sdes54-September 2011","SDES IMPORT v3.2 "
"1018","2014","US","04","0308","10/6/2014","17/7/2014","Summer SEAMAP Groundfish Survey","1","sdes54-September 2011","SDES IMPORT v3.21 "
"1019","2015","LA","95","1501","20/5/2015","22/5/2015","Spring SEAMAP Plankton Survey",,"LA-DMS V1.0(Cruise_1501)","GSMFC-LA import 1.1"
"1020","2014","US","04","0310","9/10/2014","18/11/2014","Fall SEAMAP Groundfish Survey","1","sdes54-September 2011","SDES IMPORT v3.21 "
"1021","2014","AL","77","1402","8/9/2014","8/9/2014","Fall SEAMAP Plankton Survey","4","AL Plankton tables v2.0",
"1022","2015","MS","17","1502","30/5/2015","2/6/2015","Summer SEAMAP Groundfish Survey","0","sdes54-September 2011","SDES IMPORT v3.2 "
"1023","2015","AL","77","1503","4/11/2015","4/11/2015","Fall SEAMAP Groundfish Survey","0","sdes54-September 2011","SDES IMPORT v3.2 "
"1024","2015","MS","17","1506","5/11/2015","6/11/2015","Fall SEAMAP Groundfish Survey","0","sdes54-September 2011","SDES IMPORT v3.2 "
"1025","2015","MS","17","1504","8/9/2015","11/9/2015","Fall SEAMAP Plankton Survey","0","sdes54-September 2011","SDES IMPORT v3.2 "
"1026","2015","FL","17","1503","8/6/2015","30/6/2015","Summer SEAMAP Groundfish Survey","1","sdes54-September 2011","SDES IMPORT v3.21 "
"1027","2015","LA","95","1502","18/6/2015","22/6/2015","Summer SEAMAP Groundfish Survey",,"LA-DMS V1.0(Cruise_1502)","GSMFC-LA import 1.1"
"1028","2015","LA","35","1503","19/10/2015","10/11/2015","Fall SEAMAP Groundfish Survey",,"LA-DMS V1.0(Cruise_1503)","GSMFC-LA import 1.1"
"1029","2015","MS","17","1501","2/5/2015","4/5/2015","Spring SEAMAP Plankton Survey","0","sdes54-September 2011","SDES IMPORT v3.2 "
"1030","2012","TX","40","122","15/6/2012","3/7/2012","Summer SEAMAP Groundfish Survey",,"TX ACCESS FMT","TX/INGEST V1.3"
"1031","2006","US","55","0601","17/2/2006","28/3/2006","Reef Fish Survey","0",,"SDES IMPORT v2.1 "
"1032","2015","US","04","0313","9/6/2015","16/7/2015","Summer SEAMAP Groundfish Survey","1","sdes54-September 2011","SDES IMPORT v3.21 "
"1033","2015","US","04","0315","10/10/2015","20/11/2015","Fall SEAMAP groundfish Survey","1","sdes54-September 2011","SDES IMPORT v3.21 "
"1034","2015","FL","17","1505","8/10/2015","30/10/2015","Fall SEAMAP groundfish Survey","1","sdes54-September 2011","SDES IMPORT v3.2 "
"1035","2011","US","63","1101","31/3/2011","27/5/2011","Spring SEAMAP Plankton Survey","0","sdes53-Feburary 2010","SDES IMPORT v3.2 "
"1036","2016","FL","17","1602","9/6/2016","1/7/2016","Summer SEAMAP Groundfish Survey","1","sdes54-September 2011","SDES IMPORT v3.2 "
"1037","2016","AL","77","1601","24/6/2016","24/6/2016","Summer SEAMAP Groundfish Survey","1","sdes54-September 2011","SDES IMPORT v3.2 "
"1038","2008","FL","17","0803","1/8/2008","10/8/2008","Summer SEAMAP Groundfish Survey","1","sdes28-08/2007","SDES IMPORT v3.2 "
"1039","2009","FL","17","0907","9/10/2009","28/10/2009","Fall SEAMAP Groundfish Survey","1","sdes50-January 2009","SDES IMPORT v3.2 "
"1040","2008","FL","17","0806","15/10/2008","22/10/2008","Fall SEAMAP Groundfish Survey","1","sdes28-08/2007","SDES IMPORT v3.2 "
"1041","2010","FL","17","1002","25/6/2010","16/7/2010","Summer SEAMAP Groundfish Survey","1","sdes53-Feburary 2010","SDES IMPORT v3.2 "
"1042","2009","FL","75","0901","14/7/2009","16/7/2009","Summer SEAMAP Groundfish Survey","1","sdes50-January 2009","SDES IMPORT v3.2 "
"1043","2010","FL","75","1002","7/7/2010","10/7/2010","Summer SEAMAP Groundfish Survey","1","sdes53-Feburary 2010","SDES IMPORT v3.2 "
"1044","2011","AL","77","1102","15/6/2011","15/6/2011","Summer SEAMAP Groundfish Survey","0","sdes53-Feburary 2010","SDES IMPORT v3.2 "
"1045","2010","MS","17","1005","17/9/2010","20/9/2010","Fall SEAMAP Plankton Survey","0","sdes53-Feburary 2010","SDES IMPORT v3.2 "
"1046","2016","MS","17","1601","30/5/2016","1/6/2016","Summer SEAMAP Groundfish Survey","0","sdes54-September 2011","SDES IMPORT v3.2 "
"1047","2016","MS","17","1605","3/10/2016","4/10/2016","Fall SEAMAP Groundfish Survey","0","sdes54-September 2011","SDES IMPORT v3.2 "
"1048","2016","MS","17","1603","12/9/2016","13/9/2016","Fall SEAMAP Plankton Survey","0","sdes54-September 2011","SDES IMPORT v3.2 "
"1049","2014","US","04","0307","4/5/2014","30/5/2014","Spring SEAMAP Plankton Survey","0","sdes54-September 2011","SDES IMPORT v3.2 "
"1050","2015","US","04","0312","2/5/2015","30/5/2015","Spring SEAMAP Plankton Survey","0","sdes54-September 2011","SDES IMPORT v3.2 "
"1051","2014","US","63","1405","25/8/2014","28/9/2014","Fall SEAMAP Plankton Survey","0","sdes54-September 2011","SDES IMPORT v3.2 "
"1052","2015","US","63","1501","4/3/2015","1/4/2015","Winter SEAMAP Plankton Survey","0","sdes54-September 2011","SDES IMPORT v3.2 "
"1053","2015","US","76","1504","27/8/2015","10/9/2015","Fall SEAMAP Plankton Survey","0","sdes54-September 2011","SDES IMPORT v3.2 "
"1054","2015","US","76","1501","16/5/2015","7/6/2015","SEAMAP Reef Fish Survey","0","sdes55-June 2010","SDES IMPORT v3.2 "
"1055","2014","US","55","1405","8/7/2014","5/8/2014","SEAMAP Reef Fish Survey","0","sdes55-June 2010","SDES IMPORT v3.2 "
"1056","2016","LA","97","1602","15/9/2016","20/9/2016","Fall SEAMAP Plankton Survey",,"LA-DMS V1.0(Cruise_1602)","GSMFC-LA import 1.1"
"1057","2016","LA","95","1601","7/6/2016","10/6/2016","Summer SEAMAP Groundfish Survey",,"LA-DMS V1.0(Cruise_1601)","GSMFC-LA import 1.2"
"1058","2016","LA","35","1603","25/10/2016","26/10/2016","Fall SEAMAP Groundfish Survey",,"LA-DMS V1.0(Cruise_1603)","GSMFC-LA import 1.2"
"1059","2016","US","04","0318","9/6/2016","19/7/2016","Summer SEAMAP Groundfish Survey","1","sdes54-September 2011","SDES IMPORT v3.21 "
"1060","2016","US","04","0320","9/10/2016","19/11/2016","Fall SEAMAP Groundfish Survey","1","sdes54-September 2011","SDES IMPORT v3.21 "
"1061","2017","MS","17","1701","30/5/2017","1/6/2017","Summer SEAMAP Groundfish Survey","0","sdes54-September 2011","SDES IMPORT v3.2 "
"1062","2015","AL","77","1502","10/9/2015","10/9/2015","Fall SEAMAP Plankton Survey","4",,"AL Plankton Import 1.0"
"1063","2016","AL","77","1602","8/9/2016","8/9/2016","Fall SEAMAP Plankton Survey","4",,"AL Plankton Import 1.0"
"1064","2016","US","94","1602","5/9/2016","8/9/2016","SEAMAP Reef Fish Survey","0","sdes55-June 2010","SDES IMPORT v3.2 "
"1065","2016","US","94","1601","14/6/2016","21/8/2016","SEAMAP Reef Fish Survey","0","sdes55-June 2010","SDES IMPORT v3.2 "
"1066","2016","US","76","1601","1/4/2016","31/5/2016","SEAMAP Reef Fish Survey","0","sdes55-June 2010","SDES IMPORT v3.2 "
"1067","2016","MS","17","1604","29/9/2016","29/9/2016","Fall SEAMAP Plankton Survey","0","sdes54-September 2011","SDES IMPORT v3.2 "
"1068","2017","AL","77","1701","26/6/2017","30/6/2017","Summer SEAMAP Groundfish Survey","1","sdes54-September 2011","SDES IMPORT v3.21 "
"1069","2017","FL","17","1702","7/6/2017","24/6/2017","Summer SEAMAP Groundfish Survey","1","sdes54-September 2011","SDES IMPORT v3.21 "
"1070","2017","LA","95","1701","25/6/2017","27/6/2017","Summer SEAMAP Groundfish Survey",,"LA-DMS V1.0(Cruise_1701)","GSMFC-LA import 1.2"
"1072","2017","LA","95","1703","15/11/2017","16/11/2017","Fall SEAMAP Groundfish Survey",,"LA-DMS V1.0(Cruise_1703)","GSMFC-LA import 1.2"
"1073","2017","LA","97","1702","16/9/2017","17/9/2017","Fall SEAMAP Plankton Survey",,"LA-DMS V1.0(1702)","GSMFC-LA import 1.2"
"1074","2017","FL","17","1703","14/10/2017","22/10/2017","Fall SEAMAP Groundfish Survey","1","sdes54-September 2011","SDES IMPORT v3.21 "
"1075","2017","MS","17","1704","6/11/2017","8/11/2017","Fall SEAMAP Groundfish Survey","0","sdes54-September 2011","SDES IMPORT v3.2 "
"1076","2017","AL","77","1702","26/10/2017","26/10/2017","Fall SEAMAP Groundfish Survey","0","sdes54-September 2011","SDES IMPORT v3.2 "
"1077","2017","US","04","0325","12/10/2017","20/11/2017","Fall SEAMAP Groundfish Survey","1","sdes54-September 2011","SDES IMPORT v3.21 "
"1078","2017","US","04","0323","9/6/2017","19/7/2017","Summer SEAMAP Groundfish Survey","1","sdes54-September 2011","SDES IMPORT v3.21 "
"1079","2018","FL","17","1802","13/6/2018","29/6/2018","Summer SEAMAP Groundfish Survey","1","sdes54-September 2011","SDES IMPORT v3.21 "
"1080","2018","AL","77","1801","28/6/2018","28/6/2018","Summer SEAMAP Groundfish Survey","0","sdes54-September 2011","SDES IMPORT v3.21 "
"1081","2018","US","04","0328","10/6/2018","19/7/2018","Summer SEAMAP Groundfish Survey","1","sdes54-September 2011","SDES IMPORT v3.21 "
"1082","2018","MS","17","1804","4/10/2018","6/10/2018","Fall SEAMAP Groundfish Survey","1","sdes54-September 2011","SDES IMPORT v3.21 "
"1083","2018","FL","17","1805","15/10/2018","22/10/2018","Fall SEAMAP Groundfish Survey","1","sdes54-September 2011","SDES IMPORT v3.21 "
"1084","2018","LA","35","1801","19/6/2018","21/6/2018","Summer SEAMAP Groundfish Survey",,"LA-DMS V1.0(Cruise_1801)","GSMFC-LA import 1.2"
"1085","2018","LA","97","1802","10/9/2018","27/9/2018","Fall SEAMAP Plankton Survey",,"LA-DMS V1.0(Cruise_1802)","GSMFC-LA import 1.2"
"1086","2018","AL","77","1803","17/10/2018","17/10/2018","Fall SEAMAP Groundfish Survey","0","sdes54-September 2011","SDES IMPORT v3.21 "
"1088","2018","MS","17","1803","18/9/2018","19/9/2018","Fall SEAMAP Plankton Survey","0","sdes54-September 2011","SDES IMPORT v3.21 "
"1089","2018","MS","17","1801","5/6/2018","6/6/2018","Summer SEAMAP Groundfish Survey","0","sdes54-September 2011","SDES IMPORT v3.21 "
"1090","2018","US","04","0330","13/10/2018","20/11/2018","Fall SEAMAP Groundfish Survey","1","sdes54-September 2011","SDES IMPORT v3.21 "
"1091","2019","FL","17","1902","7/6/2019","23/6/2019","Summer SEAMAP Groundfish Survey","1","sdes54-September 2011","SDES IMPORT v3.21 "
"1092","2019","MS","17","1901","1/6/2019","4/6/2019","Summer SEAMAP Groundfish Survey","1","sdes54-September 2011","SDES IMPORT v3.21 "
"1095","2019","LA","35","1902","9/10/2019","10/10/2019","Fall SEAMAP Groundfish Survey","0","sdes54-September 2011","SDES IMPORT v3.21 "
"1096","2019","LA","35","1901","30/6/2019","3/7/2019","Summer SEAMAP Groundfish Survey","1","sdes54-September 2011","SDES IMPORT v3.21 "
"1097","2019","FL","17","1904","16/10/2019","29/10/2019","Fall SEAMAP Groundfish Survey","1","sdes54-September 2011","SDES IMPORT v3.21 "
"1098","2019","US","04","0332","9/6/2019","18/7/2019","Summer SEAMAP Groundfish Survey","1","sdes54-September 2011","SDES IMPORT v3.21 "
"1099","2019","US","04","0334","11/10/2019","21/11/2019","Fall SEAMAP Groundfish Survey","1","sdes54-September 2011","SDES IMPORT v3.21 "
"1100","2019","MS","17","1903","3/10/2019","6/10/2019","Fall SEAMAP Groundfish Survey","1","sdes54-September 2011","SDES IMPORT v3.21 "
"1101","2020","FL","17","2002","14/10/2020","23/10/2020","Fall SEAMAP Groundfish Survey","1","sdes54-September 2011","SDES IMPORT v3.21 "
"1102","2006","US","04","0273","15/10/2006","20/11/2006","Fall SEAMAP Groundfish Survey","1","sdes43-12/2007","SDES IMPORT v3.21 "
"1103","2007","US","04","0276","7/6/2007","3/8/2007","Summer SEAMAP Groundfish Survey","1","sdes24-09/28/2006","SDES IMPORT v3.21 "
"1104","2007","US","04","0278","15/10/2007","11/11/2007","Fall SEAMAP Groundfish Survey","1","sdes28-08/2007","SDES IMPORT v3.21 "
"1105","2006","US","63","0605","13/10/2006","19/11/2006","Fall SEAMAP Groundfish Survey","1","sdes50 - January 2009","SDES IMPORT v3.21 "
"1106","2006","US","04","0271","14/6/2006","16/7/2006","Summer SEAMAP Groundfish Survey","1",,"SDES IMPORT v3.21 "
"1107","2020","LA","35","2001","6/12/2020","11/12/2020","Fall SEAMAP Groundfish Survey","0","sdes54-September 2011","SDES IMPORT v3.21 "
"1108","2020","MS","17","2001","1/10/2020","5/10/2020","Fall SEAMAP Groundfish Survey","1","sdes54-September 2011","SDES IMPORT v3.21 "
"1109","2020","US","04","0338","17/10/2020","23/11/2020","Fall SEAMAP Groundfish Survey","1","sdes54-September 2011","SDES IMPORT v3.21 "
"1113","2018","AL","77","1802","6/9/2018","6/9/2018","Fall SEAMAP Plankton Survey","4","AL Plankton tables v2.1",
"1114","2021","FL","17","2104","22/10/2021","28/10/2021","Fall SEAMAP Groundfish Survey","1","sdes54-September 2011","SDES IMPORT v3.21 "
"1115","2021","FL","17","2102","16/6/2021","26/6/2021","Summer SEAMAP Groundfish Survey","1","sdes54-September 2011","SDES IMPORT v3.21 "
"1116","2021","MS","17","2103","4/10/2021","7/10/2021","Fall SEAMAP Groundfish Survey","1","sdes54-September 2011","SDES IMPORT v3.21 "
"1117","2021","LA","35","2102","26/10/2021","26/10/2021","Fall SEAMAP Groundfish Survey","0","sdes54-September 2011","SDES IMPORT v3.21 "
"1118","2021","LA","35","2101","2/6/2021","4/6/2021","Summer SEAMAP Groundfish Survey","0","sdes54-September 2011","SDES IMPORT v3.21 "
"1119","2021","MS","17","2101","21/5/2021","4/6/2021","Summer SEAMAP Groundfish Survey","1","sdes54-September 2011","SDES IMPORT v3.21 "
"1120","2021","US","04","0342","11/10/2021","22/11/2021","Fall SEAMAP Groundfish Survey","1","sdes54-September 2011","SDES IMPORT v3.21 "
"1121","2021","US","04","0340","4/7/2021","20/7/2021","Summer SEAMAP Groundfish Survey","1","sdes54-September 2011","SDES IMPORT v3.21 "
"1122","2022","FL","17","2205","3/10/2022","28/10/2022","Fall SEAMAP Groundfish Survey","1","sdes54-September 2011","SDES IMPORT v3.21 "
"1123","2022","MS","17","2201","4/6/2022","7/6/2022","Summer SEAMAP Groundfish Survey","1","sdes54-September 2011","SDES IMPORT v3.21 "
"1124","2022","FL","17","2202","15/6/2022","24/6/2022","Summer SEAMAP Groundfish Survey","1","sdes54-September 2011","SDES IMPORT v3.21 "
"1125","2022","US","17","2204","21/7/2022","22/8/2022","Summer SEAMAP Groundfish Survey","1","sdes54-September 2011","SDES IMPORT v3.21 "
"1127","2022","LA","35","2203","2/11/2022","3/11/2022","Fall SEAMAP Groundfish Survey","0","sdes54-September 2011","SDES IMPORT v3.21 "
"1128","2023","FL","17","2301","7/6/2023","16/6/2023","Summer SEAMAP Groundfish Survey","1","sdes54-September 2011","SDES IMPORT v3.21 "
"1129","2022","US","04","0346","25/10/2022","14/11/2022","Fall SEAMAP Groundfish Survey","1","sdes54-September 2011","SDES IMPORT v3.21 "
"1130","2022","LA","35","2201","7/6/2022","9/6/2022","Summer SEAMAP Groundfish Survey","1","sdes54-September 2011","SDES IMPORT v3.21 "
"1131","2023","LA","35","2301","12/6/2023","14/6/2023","Summer SEAMAP Groundfish Survey","1","sdes54-September 2011","SDES IMPORT v3.21 "
"1132","2023","LA","35","2302","11/11/2023","12/11/2023","Fall SEAMAP Groundfish Survey","0","sdes54-September 2011","SDES IMPORT v3.21 "
"1133","2023","MS","17","2302","18/6/2023","22/6/2023","Summer SEAMAP Groundfish Survey","1","sdes54-September 2011","SDES IMPORT v3.21 "
"1134","2023","FL","17","2305","17/10/2023","24/10/2023","Fall SEAMAP Goundfish Survey","1","sdes54-September 2011","SDES IMPORT v3.21 "
"1135","2023","MS","17","2304","3/10/2023","11/10/2023","Fall SEAMAP Goundfish Survey","1","sdes54-September 2011","SDES IMPORT v3.21 "
"1136","2023","US","04","0348","14/6/2023","15/7/2023","Summer SEAMAP Goundfish Survey","1","sdes54-September 2011","SDES IMPORT v3.21 "
"1137","2023","US","17","2303","28/7/2023","10/8/2023","Summer SEAMAP Goundfish Survey","1","sdes54-September 2011","SDES IMPORT v3.21 "
"1138","2023","US","04","0350","13/10/2023","19/11/2023","Fall SEAMAP Goundfish Survey","1","sdes54-September 2011","SDES IMPORT v3.21 "
